Postcode,Name,
NG31,1st Choice Windows Waltham Ltd,
NG32,1st Choice Windows Waltham Ltd,
NG33,1st Choice Windows Waltham Ltd,
NG34,1st Choice Windows Waltham Ltd,
PE10,1st Choice Windows Waltham Ltd,
PE11,1st Choice Windows Waltham Ltd,
PE9,1st Choice Windows Waltham Ltd,
HA1,Timber Windows Ruislip,
HA2,Timber Windows Ruislip,
HA3,Timber Windows Ruislip,
HA4,Timber Windows Ruislip,
HA5,Timber Windows Ruislip,
HA6,Timber Windows Ruislip,
HA7,Timber Windows Ruislip,
HA8,Timber Windows Ruislip,
HA9,Timber Windows Ruislip,
LL15,Artisan Conservatories and Windows Ltd. ,
LL16,Artisan Conservatories and Windows Ltd. ,
LL17,Artisan Conservatories and Windows Ltd. ,
LL20,Artisan Conservatories and Windows Ltd. ,
LL21,Artisan Conservatories and Windows Ltd. ,
LL23,Artisan Conservatories and Windows Ltd. ,
LL35,Artisan Conservatories and Windows Ltd. ,
LL36,Artisan Conservatories and Windows Ltd. ,
LL37,Artisan Conservatories and Windows Ltd. ,
LL38,Artisan Conservatories and Windows Ltd. ,
LL39,Artisan Conservatories and Windows Ltd. ,
LL40,Artisan Conservatories and Windows Ltd. ,
LL41,Artisan Conservatories and Windows Ltd. ,
LL42,Artisan Conservatories and Windows Ltd. ,
LL43,Artisan Conservatories and Windows Ltd. ,
LL44,Artisan Conservatories and Windows Ltd. ,
LL45,Artisan Conservatories and Windows Ltd. ,
LL46,Artisan Conservatories and Windows Ltd. ,
LL47,Artisan Conservatories and Windows Ltd. ,
LL48,Artisan Conservatories and Windows Ltd. ,
LL49,Artisan Conservatories and Windows Ltd. ,
LL51,Artisan Conservatories and Windows Ltd. ,
LL52,Artisan Conservatories and Windows Ltd. ,
LL53,Artisan Conservatories and Windows Ltd. ,
HX1,B&P Window Ltd ,
HX2,B&P Window Ltd ,
HX3,B&P Window Ltd ,
HX4,B&P Window Ltd ,
HX5,B&P Window Ltd ,
WF1,B&P Window Ltd ,
WF10,B&P Window Ltd ,
WF11,B&P Window Ltd ,
WF12,B&P Window Ltd ,
WF13,B&P Window Ltd ,
WF14,B&P Window Ltd ,
WF15,B&P Window Ltd ,
WF16,B&P Window Ltd ,
WF17,B&P Window Ltd ,
WF2,B&P Window Ltd ,
WF3,B&P Window Ltd ,
WF4,B&P Window Ltd ,
WF5,B&P Window Ltd ,
WF6,B&P Window Ltd ,
WF7,B&P Window Ltd ,
WF8,B&P Window Ltd ,
WF9,B&P Window Ltd ,
WF90,B&P Window Ltd ,
DH1,Blackthorn Timber,
DH2,Blackthorn Timber,
DH3,Blackthorn Timber,
DH4,Blackthorn Timber,
DH5,Blackthorn Timber,
DH6,Blackthorn Timber,
DH7,Blackthorn Timber,
DH8,Blackthorn Timber,
DH9,Blackthorn Timber,
DH97,Blackthorn Timber,
DH99,Blackthorn Timber,
NE1,Blackthorn Timber,
NE10,Blackthorn Timber,
NE11,Blackthorn Timber,
NE12,Blackthorn Timber,
NE13,Blackthorn Timber,
NE15,Blackthorn Timber,
NE16,Blackthorn Timber,
NE17,Blackthorn Timber,
NE18,Blackthorn Timber,
NE19,Blackthorn Timber,
NE2,Blackthorn Timber,
NE20,Blackthorn Timber,
NE21,Blackthorn Timber,
NE22,Blackthorn Timber,
NE23,Blackthorn Timber,
NE24,Blackthorn Timber,
NE25,Blackthorn Timber,
NE26,Blackthorn Timber,
NE27,Blackthorn Timber,
NE28,Blackthorn Timber,
NE29,Blackthorn Timber,
NE3,Blackthorn Timber,
NE30,Blackthorn Timber,
NE31,Blackthorn Timber,
NE32,Blackthorn Timber,
NE33,Blackthorn Timber,
NE34,Blackthorn Timber,
NE35,Blackthorn Timber,
NE36,Blackthorn Timber,
NE37,Blackthorn Timber,
NE38,Blackthorn Timber,
NE39,Blackthorn Timber,
NE4,Blackthorn Timber,
NE40,Blackthorn Timber,
NE41,Blackthorn Timber,
NE42,Blackthorn Timber,
NE43,Blackthorn Timber,
NE44,Blackthorn Timber,
NE45,Blackthorn Timber,
NE46,Blackthorn Timber,
NE47,Blackthorn Timber,
NE48,Blackthorn Timber,
NE49,Blackthorn Timber,
NE5,Blackthorn Timber,
NE6,Blackthorn Timber,
NE61,Blackthorn Timber,
NE62,Blackthorn Timber,
NE63,Blackthorn Timber,
NE64,Blackthorn Timber,
NE65,Blackthorn Timber,
NE66,Blackthorn Timber,
NE67,Blackthorn Timber,
NE68,Blackthorn Timber,
NE69,Blackthorn Timber,
NE7,Blackthorn Timber,
NE70,Blackthorn Timber,
NE71,Blackthorn Timber,
NE8,Blackthorn Timber,
NE82,Blackthorn Timber,
NE83,Blackthorn Timber,
NE85,Blackthorn Timber,
NE88,Blackthorn Timber,
NE89,Blackthorn Timber,
NE9,Blackthorn Timber,
NE92,Blackthorn Timber,
NE98,Blackthorn Timber,
NE99,Blackthorn Timber,
SR1,Blackthorn Timber,
SR2,Blackthorn Timber,
SR3,Blackthorn Timber,
SR4,Blackthorn Timber,
SR43,Blackthorn Timber,
SR5,Blackthorn Timber,
SR6,Blackthorn Timber,
SR7,Blackthorn Timber,
SR8,Blackthorn Timber,
SR88,Blackthorn Timber,
SR9,Blackthorn Timber,
AB1,Bon Accord Glass,
AB10,Bon Accord Glass,
AB11,Bon Accord Glass,
AB12,Bon Accord Glass,
AB13,Bon Accord Glass,
AB14,Bon Accord Glass,
AB15,Bon Accord Glass,
AB16,Bon Accord Glass,
AB2,Bon Accord Glass,
AB21,Bon Accord Glass,
AB22,Bon Accord Glass,
AB23,Bon Accord Glass,
AB24,Bon Accord Glass,
AB25,Bon Accord Glass,
AB3,Bon Accord Glass,
AB30,Bon Accord Glass,
AB31,Bon Accord Glass,
AB32,Bon Accord Glass,
AB33,Bon Accord Glass,
AB34,Bon Accord Glass,
AB35,Bon Accord Glass,
AB36,Bon Accord Glass,
AB37,Bon Accord Glass,
AB38,Bon Accord Glass,
AB39,Bon Accord Glass,
AB4,Bon Accord Glass,
AB41,Bon Accord Glass,
AB42,Bon Accord Glass,
AB43,Bon Accord Glass,
AB44,Bon Accord Glass,
AB45,Bon Accord Glass,
AB5,Bon Accord Glass,
AB51,Bon Accord Glass,
AB52,Bon Accord Glass,
AB53,Bon Accord Glass,
AB54,Bon Accord Glass,
AB55,Bon Accord Glass,
AB56,Bon Accord Glass,
AB9,Bon Accord Glass,
AB99,Bon Accord Glass,
DD1,Bon Accord Glass,
DD10,Bon Accord Glass,
DD11,Bon Accord Glass,
DD2,Bon Accord Glass,
DD3,Bon Accord Glass,
DD4,Bon Accord Glass,
DD5,Bon Accord Glass,
DD6,Bon Accord Glass,
DD7,Bon Accord Glass,
DD8,Bon Accord Glass,
DD9,Bon Accord Glass,
BR1,Brampton Windows,
BR2,Brampton Windows,
BR3,Brampton Windows,
BR4,Brampton Windows,
BR5,Brampton Windows,
BR6,Brampton Windows,
BR7,Brampton Windows,
BR8,Brampton Windows,
BR98,Brampton Windows,
DA1,Brampton Windows,
DA10,Brampton Windows,
DA11,Brampton Windows,
DA12,Brampton Windows,
DA13,Brampton Windows,
DA14,Brampton Windows,
DA15,Brampton Windows,
DA16,Brampton Windows,
DA17,Brampton Windows,
DA18,Brampton Windows,
DA2,Brampton Windows,
DA3,Brampton Windows,
DA4,Brampton Windows,
DA5,Brampton Windows,
DA6,Brampton Windows,
DA7,Brampton Windows,
DA8,Brampton Windows,
DA9,Brampton Windows,
SE18,Brampton Windows,
SE2,Brampton Windows,
SE28,Brampton Windows,
IP1,Countryside (Burgess Group) ,
IP10,Countryside (Burgess Group) ,
IP11,Countryside (Burgess Group) ,
IP12,Countryside (Burgess Group) ,
IP13,Countryside (Burgess Group) ,
IP14,Countryside (Burgess Group) ,
IP15,Countryside (Burgess Group) ,
IP16,Countryside (Burgess Group) ,
IP17,Countryside (Burgess Group) ,
IP18,Countryside (Burgess Group) ,
IP19,Countryside (Burgess Group) ,
IP2,Countryside (Burgess Group) ,
IP20,Countryside (Burgess Group) ,
IP21,Countryside (Burgess Group) ,
IP22,Countryside (Burgess Group) ,
IP23,Countryside (Burgess Group) ,
IP24,Countryside (Burgess Group) ,
IP25,Countryside (Burgess Group) ,
IP26,Countryside (Burgess Group) ,
IP27,Countryside (Burgess Group) ,
IP28,Countryside (Burgess Group) ,
IP29,Countryside (Burgess Group) ,
IP3,Countryside (Burgess Group) ,
IP30,Countryside (Burgess Group) ,
IP31,Countryside (Burgess Group) ,
IP32,Countryside (Burgess Group) ,
IP33,Countryside (Burgess Group) ,
IP4,Countryside (Burgess Group) ,
IP5,Countryside (Burgess Group) ,
IP6,Countryside (Burgess Group) ,
IP7,Countryside (Burgess Group) ,
IP8,Countryside (Burgess Group) ,
IP9,Countryside (Burgess Group) ,
IP98,Countryside (Burgess Group) ,
NR15,Countryside (Burgess Group) ,
NR16,Countryside (Burgess Group) ,
NR17,Countryside (Burgess Group) ,
NR18,Countryside (Burgess Group) ,
SA14,Cambria Sash Window Company ,
SA15,Cambria Sash Window Company ,
SA16,Cambria Sash Window Company ,
SA17,Cambria Sash Window Company ,
SA18,Cambria Sash Window Company ,
SA19,Cambria Sash Window Company ,
SA31,Cambria Sash Window Company ,
SA32,Cambria Sash Window Company ,
SA33,Cambria Sash Window Company ,
SA34,Cambria Sash Window Company ,
SA35,Cambria Sash Window Company ,
SA37,Cambria Sash Window Company ,
SA38,Cambria Sash Window Company ,
SA39,Cambria Sash Window Company ,
SA40,Cambria Sash Window Company ,
SA41,Cambria Sash Window Company ,
SA42,Cambria Sash Window Company ,
SA43,Cambria Sash Window Company ,
SA44,Cambria Sash Window Company ,
SA45,Cambria Sash Window Company ,
SA46,Cambria Sash Window Company ,
SA47,Cambria Sash Window Company ,
SA48,Cambria Sash Window Company ,
SA61,Cambria Sash Window Company ,
SA62,Cambria Sash Window Company ,
SA63,Cambria Sash Window Company ,
SA64,Cambria Sash Window Company ,
SA65,Cambria Sash Window Company ,
SA66,Cambria Sash Window Company ,
SA67,Cambria Sash Window Company ,
SA68,Cambria Sash Window Company ,
SA69,Cambria Sash Window Company ,
SA70,Cambria Sash Window Company ,
SA71,Cambria Sash Window Company ,
SA72,Cambria Sash Window Company ,
SA73,Cambria Sash Window Company ,
SA80,Cambria Sash Window Company ,
SA99,Cambria Sash Window Company ,
HP10,Cherwell Windows ,
HP11,Cherwell Windows ,
HP12,Cherwell Windows ,
HP13,Cherwell Windows ,
HP14,Cherwell Windows ,
HP15,Cherwell Windows ,
HP16,Cherwell Windows ,
HP17,Radley,
HP18,Radley,
HP19,Radley,
HP20,Radley,
HP21,Radley,
HP22,Radley,
HP23,Radley,
HP27,Cherwell Windows ,
HP5,Cherwell Windows ,
HP6,Cherwell Windows ,
HP7,Cherwell Windows ,
HP8,Cherwell Windows ,
HP9,Cherwell Windows ,
OX1,Cherwell Windows ,
OX10,Cherwell Windows ,
OX11,Cherwell Windows ,
OX12,Cherwell Windows ,
OX13,Cherwell Windows ,
OX14,Cherwell Windows ,
OX15,Cherwell Windows ,
OX16,Cherwell Windows ,
OX17,Cherwell Windows ,
M19,Cheshire Bespoke Glass,
SK1,Cheshire Bespoke Glass,
SK10,Cheshire Bespoke Glass,
SK11,Cheshire Bespoke Glass,
SK12,Cheshire Bespoke Glass,
SK13,Cheshire Bespoke Glass,
SK14,Cheshire Bespoke Glass,
SK15,Cheshire Bespoke Glass,
SK16,Cheshire Bespoke Glass,
SK17,Cheshire Bespoke Glass,
SK2,Cheshire Bespoke Glass,
SK22,Cheshire Bespoke Glass,
SK23,Cheshire Bespoke Glass,
SK3,Cheshire Bespoke Glass,
SK4,Cheshire Bespoke Glass,
SK5,Cheshire Bespoke Glass,
SK6,Cheshire Bespoke Glass,
SK7,Cheshire Bespoke Glass,
SK8,Cheshire Bespoke Glass,
SK9,Cheshire Bespoke Glass,
BA1,Corsham Building Plastics Ltd ,
BA10,Corsham Building Plastics Ltd ,
BA11,Corsham Building Plastics Ltd ,
BA12,Corsham Building Plastics Ltd ,
BA13,Corsham Building Plastics Ltd ,
BA14,Corsham Building Plastics Ltd ,
BA15,Corsham Building Plastics Ltd ,
BA2,Corsham Building Plastics Ltd ,
BA3,Corsham Building Plastics Ltd ,
BA4,Corsham Building Plastics Ltd ,
BA5,Corsham Building Plastics Ltd ,
GL7,Corsham Building Plastics Ltd ,
GL8,Corsham Building Plastics Ltd ,
SN1,Corsham Building Plastics Ltd ,
SN10,Corsham Building Plastics Ltd ,
SN11,Corsham Building Plastics Ltd ,
SN12,Corsham Building Plastics Ltd ,
SN13,Corsham Building Plastics Ltd ,
SN14,Corsham Building Plastics Ltd ,
SN15,Corsham Building Plastics Ltd ,
SN16,Corsham Building Plastics Ltd ,
SN17,Corsham Building Plastics Ltd ,
SN2,Corsham Building Plastics Ltd ,
SN25,Corsham Building Plastics Ltd ,
SN26,Corsham Building Plastics Ltd ,
SN3,Corsham Building Plastics Ltd ,
SN38,Corsham Building Plastics Ltd ,
SN4,Corsham Building Plastics Ltd ,
SN42,Corsham Building Plastics Ltd ,
SN5,Corsham Building Plastics Ltd ,
SN6,Corsham Building Plastics Ltd ,
SN8,Corsham Building Plastics Ltd ,
SN86,Corsham Building Plastics Ltd ,
SN9,Corsham Building Plastics Ltd ,
SN99,Corsham Building Plastics Ltd ,
NG1,D&M Windows,
NG10,D&M Windows,
NG11,D&M Windows,
NG12,D&M Windows,
NG13,D&M Windows,
NG14,D&M Windows,
NG15,D&M Windows,
NG16,D&M Windows,
NG17,D&M Windows,
NG18,D&M Windows,
NG19,D&M Windows,
NG2,D&M Windows,
NG20,D&M Windows,
NG21,D&M Windows,
NG22,D&M Windows,
NG23,D&M Windows,
NG24,D&M Windows,
NG25,D&M Windows,
NG3,D&M Windows,
DE1,Derwent Sash Windows Ltd ,
DE2,Derwent Sash Windows Ltd ,
DE21,Derwent Sash Windows Ltd ,
DE22,Derwent Sash Windows Ltd ,
DE23,Derwent Sash Windows Ltd ,
DE24,Derwent Sash Windows Ltd ,
DE3,Derwent Sash Windows Ltd ,
DE4,Derwent Sash Windows Ltd ,
DE45,Derwent Sash Windows Ltd ,
DE5,Derwent Sash Windows Ltd ,
DE55,Derwent Sash Windows Ltd ,
DE56,Derwent Sash Windows Ltd ,
DE6,Derwent Sash Windows Ltd ,
DE65,Derwent Sash Windows Ltd ,
DE7,Derwent Sash Windows Ltd ,
DE72,Derwent Sash Windows Ltd ,
DE73,Derwent Sash Windows Ltd ,
DE74,Derwent Sash Windows Ltd ,
DE75,Derwent Sash Windows Ltd ,
DE99,Derwent Sash Windows Ltd ,
NG4,Derwent Sash Windows Ltd ,
NG5,Derwent Sash Windows Ltd ,
NG6,Derwent Sash Windows Ltd ,
NG7,Derwent Sash Windows Ltd ,
NG70,Derwent Sash Windows Ltd ,
NG8,Derwent Sash Windows Ltd ,
NG80,Derwent Sash Windows Ltd ,
NG9,Derwent Sash Windows Ltd ,
NG90,Derwent Sash Windows Ltd ,
N10,Edgware Glazing (Transactor) ,
W1,Edgware Glazing (Transactor) ,
W10,Edgware Glazing (Transactor) ,
W11,Edgware Glazing (Transactor) ,
W12,Edgware Glazing (Transactor) ,
W13,Edgware Glazing (Transactor) ,
W14,Edgware Glazing (Transactor) ,
W1A,Edgware Glazing (Transactor) ,
W1B,Edgware Glazing (Transactor) ,
W1C,Edgware Glazing (Transactor) ,
W1D,Edgware Glazing (Transactor) ,
W1E,Edgware Glazing (Transactor) ,
W1F,Edgware Glazing (Transactor) ,
W1G,Edgware Glazing (Transactor) ,
W1H,Edgware Glazing (Transactor) ,
W1J,Edgware Glazing (Transactor) ,
W1K,Edgware Glazing (Transactor) ,
W1M,Edgware Glazing (Transactor) ,
W1N,Edgware Glazing (Transactor) ,
W1P,Edgware Glazing (Transactor) ,
W1R,Edgware Glazing (Transactor) ,
W1S,Edgware Glazing (Transactor) ,
W1T,Edgware Glazing (Transactor) ,
W1U,Edgware Glazing (Transactor) ,
W1V,Edgware Glazing (Transactor) ,
W1W,Edgware Glazing (Transactor) ,
W1X,Edgware Glazing (Transactor) ,
W1Y,Edgware Glazing (Transactor) ,
EX1,Duralife Windows,
EX10,Duralife Windows,
EX11,Duralife Windows,
EX12,Duralife Windows,
EX13,Duralife Windows,
EX14,Duralife Windows,
EX15,Duralife Windows,
EX16,Duralife Windows,
EX17,Duralife Windows,
EX18,Duralife Windows,
EX19,Duralife Windows,
EX2,Duralife Windows,
EX20,Duralife Windows,
EX21,Duralife Windows,
EX22,Duralife Windows,
EX23,Duralife Windows,
EX24,Duralife Windows,
EX3,Duralife Windows,
EX31,Duralife Windows,
EX32,Duralife Windows,
EX33,Duralife Windows,
EX34,Duralife Windows,
EX35,Duralife Windows,
EX36,Duralife Windows,
EX37,Duralife Windows,
EX38,Duralife Windows,
EX39,Duralife Windows,
EX4,Duralife Windows,
EX5,Duralife Windows,
EX6,Duralife Windows,
EX7,Duralife Windows,
EX8,Duralife Windows,
EX9,Duralife Windows,
N1,Edgware Glazing (Transactor) ,
N15,Edgware Glazing (Transactor) ,
N16,Edgware Glazing (Transactor) ,
N17,Edgware Glazing (Transactor) ,
N19,Edgware Glazing (Transactor) ,
N1C,Edgware Glazing (Transactor) ,
N1P,Edgware Glazing (Transactor) ,
N2,Edgware Glazing (Transactor) ,
N22,Edgware Glazing (Transactor) ,
N4,Edgware Glazing (Transactor) ,
N5,Edgware Glazing (Transactor) ,
N6,Edgware Glazing (Transactor) ,
N7,Edgware Glazing (Transactor) ,
N8,Edgware Glazing (Transactor) ,
N81,Edgware Glazing (Transactor) ,
NW1,Edgware Glazing (Transactor) ,
NW11,Edgware Glazing (Transactor) ,
NW1W,Edgware Glazing (Transactor) ,
NW26,Edgware Glazing (Transactor) ,
NW3,Edgware Glazing (Transactor) ,
NW5,Edgware Glazing (Transactor) ,
NW6,Edgware Glazing (Transactor) ,
NW8,Edgware Glazing (Transactor) ,
W2,Edgware Glazing (Transactor) ,
W3,Edgware Glazing (Transactor) ,
W4,Edgware Glazing (Transactor) ,
W5,Edgware Glazing (Transactor) ,
W6,Edgware Glazing (Transactor) ,
W7,Edgware Glazing (Transactor) ,
W8,Edgware Glazing (Transactor) ,
W9,Edgware Glazing (Transactor) ,
WC1A,Edgware Glazing (Transactor) ,
WC1B,Edgware Glazing (Transactor) ,
WC1E,Edgware Glazing (Transactor) ,
WC1H,Edgware Glazing (Transactor) ,
WC1N,Edgware Glazing (Transactor) ,
WC1R,Edgware Glazing (Transactor) ,
WC1V,Edgware Glazing (Transactor) ,
WC1X,Edgware Glazing (Transactor) ,
WC2A,Edgware Glazing (Transactor) ,
WC2B,Edgware Glazing (Transactor) ,
WC2E,Edgware Glazing (Transactor) ,
WC2H,Edgware Glazing (Transactor) ,
WC2N,Edgware Glazing (Transactor) ,
WC2R,Edgware Glazing (Transactor) ,
WC99,Edgware Glazing (Transactor) ,
KT1,Elwyns Windows Ltd ,
KT17,Elwyns Windows Ltd ,
KT18,Elwyns Windows Ltd ,
KT19,Elwyns Windows Ltd ,
KT20,Elwyns Windows Ltd ,
KT21,Elwyns Windows Ltd ,
KT22,Elwyns Windows Ltd ,
KT23,Elwyns Windows Ltd ,
KT9,Elwyns Windows Ltd ,
CR0,Elwyns Windows Ltd ,
CR2,Elwyns Windows Ltd ,
CR3,Elwyns Windows Ltd ,
CR4,Elwyns Windows Ltd ,
CR44,Elwyns Windows Ltd ,
CR5,Elwyns Windows Ltd ,
CR6,Elwyns Windows Ltd ,
CR7,Elwyns Windows Ltd ,
CR8,Elwyns Windows Ltd ,
CR9,Elwyns Windows Ltd ,
CR90,Elwyns Windows Ltd ,
EC1A,Frameless Glass Curtains,
KT4,Elwyns Windows Ltd ,
KT5,Elwyns Windows Ltd ,
KT6,Elwyns Windows Ltd ,
RH1,Elwyns Windows Ltd ,
RH2,Elwyns Windows Ltd ,
RH3,Elwyns Windows Ltd ,
RH4,Elwyns Windows Ltd ,
RH5,Elwyns Windows Ltd ,
RH6,Elwyns Windows Ltd ,
RH7,Elwyns Windows Ltd ,
RH77,Elwyns Windows Ltd ,
RH8,Elwyns Windows Ltd ,
RH9,Elwyns Windows Ltd ,
SE1,Elwyns Windows Ltd ,
SE10,Elwyns Windows Ltd ,
SE11,Elwyns Windows Ltd ,
SE12,Elwyns Windows Ltd ,
SE13,Elwyns Windows Ltd ,
SE14,Elwyns Windows Ltd ,
SE15,Elwyns Windows Ltd ,
SE16,Elwyns Windows Ltd ,
SE17,Elwyns Windows Ltd ,
SE19,Elwyns Windows Ltd ,
SE1P,Elwyns Windows Ltd ,
SE20,Elwyns Windows Ltd ,
SE21,Elwyns Windows Ltd ,
SE22,Elwyns Windows Ltd ,
SE23,Elwyns Windows Ltd ,
SE24,Elwyns Windows Ltd ,
SE25,Elwyns Windows Ltd ,
SE26,Elwyns Windows Ltd ,
SE27,Elwyns Windows Ltd ,
SE3,Elwyns Windows Ltd ,
SE4,Elwyns Windows Ltd ,
SE5,Elwyns Windows Ltd ,
SE6,Elwyns Windows Ltd ,
SE7,Elwyns Windows Ltd ,
SE8,Elwyns Windows Ltd ,
SE9,Elwyns Windows Ltd ,
SE99,Elwyns Windows Ltd ,
SM1,Elwyns Windows Ltd ,
SM2,Elwyns Windows Ltd ,
SM3,Elwyns Windows Ltd ,
SM4,Elwyns Windows Ltd ,
SM5,Elwyns Windows Ltd ,
SM6,Elwyns Windows Ltd ,
SM7,Elwyns Windows Ltd ,
BT1,,
BT10,,
BT11,,
BT12,,
BT13,,
BT14,,
BT15,,
BT16,,
BT17,,
BT18,,
BT19,,
BT2,,
BT20,,
BT21,,
BT22,,
BT23,,
BT24,,
BT25,,
BT26,,
BT27,,
BT28,,
BT29,,
BT3,,
BT30,,
BT31,,
BT32,,
BT33,,
BT34,,
BT35,,
BT36,,
BT37,,
BT38,,
BT39,,
BT4,,
BT40,,
BT41,,
BT42,,
BT43,,
BT44,,
BT45,,
BT46,,
BT47,,
BT48,,
BT49,,
BT5,,
BT51,,
BT52,,
BT53,,
BT54,,
BT55,,
BT56,,
BT57,,
BT58,,
BT6,,
BT60,,
BT61,,
BT62,,
BT63,,
BT64,,
BT65,,
BT66,,
BT67,,
BT68,,
BT69,,
BT7,,
BT70,,
BT71,,
BT74,,
BT75,,
BT76,,
BT77,,
BT78,,
BT79,,
BT8,,
BT80,,
BT81,,
BT82,,
BT9,,
BT92,,
BT93,,
BT94,,
BT99,,
CA1,,
CA10,,
CA11,,
CA12,,
CA13,,
CA14,,
CA15,,
CA16,,
CA17,,
CA18,,
CA19,,
CA2,,
CA20,,
CA21,,
CA22,,
CA23,,
CA24,,
CA25,,
CA26,,
CA27,,
CA28,,
CA3,,
CA4,,
CA5,,
CA6,,
CA7,,
CA8,,
CA9,,
CA95,,
CA99,,
DG1,,
DG10,,
DG11,,
DG12,,
DG13,,
DG14,,
DG16,,
DG2,,
DG3,,
DG4,,
DG5,,
DG6,,
DG7,,
DG8,,
DG9,,
DL1,,
DL10,,
DL11,,
DL12,,
DL13,,
DL14,,
DL15,,
DL16,,
DL17,,
DL2,,
DL3,,
DL4,,
DL5,,
DL6,,
DL7,,
DL8,,
DL9,,
DL98,,
HS1,,
HS2,,
HS3,,
HS4,,
HS5,,
HS6,,
HS7,,
HS8,,
HS9,,
HU1,,
HU10,,
HU11,,
HU12,,
HU13,,
HU14,,
HU15,,
HU16,,
HU17,,
HU18,,
HU19,,
HU2,,
HU20,,
HU3,,
HU4,,
HU5,,
HU55,,
HU6,,
HU7,,
HU8,,
HU9,,
IV1,,
IV10,,
IV11,,
IV12,,
IV13,,
IV14,,
IV15,,
IV16,,
IV17,,
IV18,,
IV19,,
IV2,,
IV20,,
IV21,,
IV22,,
IV23,,
IV24,,
IV25,,
IV26,,
IV27,,
IV28,,
IV3,,
IV30,,
IV31,,
IV32,,
IV33,,
IV34,,
IV35,,
IV36,,
IV4,,
IV40,,
IV41,,
IV42,,
IV43,,
IV44,,
IV45,,
IV47,,
IV49,,
IV5,,
IV51,,
IV52,,
IV53,,
IV54,,
IV55,,
IV56,,
IV6,,
IV63,,
IV7,,
IV8,,
IV9,,
KA1,,
KA10,,
KA11,,
KA12,,
KA13,,
KA14,,
KA15,,
KA16,,
KA17,,
KA18,,
KA19,,
KA2,,
KA20,,
KA21,,
KA22,,
KA23,,
KA24,,
KA25,,
KA26,,
KA27,,
KA28,,
KA29,,
KA3,,
KA30,,
KA4,,
KA5,,
KA6,,
KA7,,
KA8,,
KA9,,
KW1,,
KW10,,
KW12,,
KW14,,
KW15,,
KW16,,
KW17,,
KW3,,
KW5,,
KW8,,
KW9,,
KY1,,
KY10,,
KY11,,
KY12,,
KY13,,
KY14,,
KY15,,
KY16,,
KY2,,
KY3,,
KY4,,
KY5,,
KY6,,
KY7,,
KY8,,
KY9,,
KY99,,
PA1,,
PA10,,
PA11,,
PA12,,
PA13,,
PA14,,
PA15,,
PA16,,
PA17,,
PA18,,
PA19,,
PA2,,
PA20,,
PA21,,
PA22,,
PA23,,
PA24,,
PA27,,
PA28,,
PA29,,
PA3,,
PA30,,
PA31,,
PA32,,
PA33,,
PA34,,
PA35,,
PA36,,
PA37,,
PA38,,
PA39,,
PA4,,
PA40,,
PA42,,
PA43,,
PA44,,
PA46,,
PA48,,
PA49,,
PA5,,
PA6,,
PA60,,
PA64,,
PA66,,
PA7,,
PA72,,
PA75,,
PA77,,
PA8,,
PA80,,
PA81,,
PA82,,
PA83,,
PA84,,
PA85,,
PA86,,
PA87,,
PA88,,
PA9,,
PA98,,
PH1,,
PH10,,
PH11,,
PH12,,
PH13,,
PH14,,
PH15,,
PH16,,
PH17,,
PH18,,
PH19,,
PH2,,
PH20,,
PH21,,
PH22,,
PH23,,
PH24,,
PH25,,
PH26,,
PH3,,
PH31,,
PH32,,
PH33,,
PH34,,
PH35,,
PH36,,
PH37,,
PH38,,
PH39,,
PH4,,
PH41,,
PH42,,
PH49,,
PH5,,
PH50,,
PH6,,
PH7,,
PH8,,
PH9,,
TR1,,
TR10,,
TR11,,
TR12,,
TR13,,
TR14,,
TR15,,
TR16,,
TR17,,
TR18,,
TR19,,
TR2,,
TR20,,
TR21,,
TR22,,
TR23,,
TR26,,
TR27,,
TR3,,
TR4,,
TR5,,
TR6,,
TR7,,
TR8,,
TR9,,
TR93,,
TS1,,
TS10,,
TS11,,
TS12,,
TS13,,
TS14,,
TS15,,
TS16,,
TS17,,
TS18,,
TS19,,
TS2,,
TS20,,
TS21,,
TS22,,
TS23,,
TS24,,
TS25,,
TS26,,
TS27,,
TS28,,
TS29,,
TS3,,
TS4,,
TS5,,
TS6,,
TS7,,
TS8,,
TS9,,
TS90,,
B46,Fox Windows & Doors,
B91,Fox Windows & Doors,
B92,Fox Windows & Doors,
B93,Fox Windows & Doors,
B94,Fox Windows & Doors,
B95,Fox Windows & Doors,
CV1,Fox Windows & Doors,
CV10,Fox Windows & Doors,
CV11,Fox Windows & Doors,
CV12,Fox Windows & Doors,
CV13,Fox Windows & Doors,
CV2,Fox Windows & Doors,
CV21,Fox Windows & Doors,
CV22,Fox Windows & Doors,
CV23,Fox Windows & Doors,
CV3,Fox Windows & Doors,
CV31,Fox Windows & Doors,
CV32,Fox Windows & Doors,
CV33,Fox Windows & Doors,
CV34,Fox Windows & Doors,
CV35,Fox Windows & Doors,
CV36,Fox Windows & Doors,
CV37,Fox Windows & Doors,
CV4,Fox Windows & Doors,
CV47,Fox Windows & Doors,
CV5,Fox Windows & Doors,
CV6,Fox Windows & Doors,
CV7,Fox Windows & Doors,
CV8,Fox Windows & Doors,
CV9,Fox Windows & Doors,
LE10,Fox Windows & Doors,
LE9,Fox Windows & Doors,
NN1,Fox Windows & Doors,
NN11,Fox Windows & Doors,
NN12,Fox Windows & Doors,
NN13,Fox Windows & Doors,
NN2,Fox Windows & Doors,
NN3,Fox Windows & Doors,
NN4,Fox Windows & Doors,
NN5,Fox Windows & Doors,
NN6,Fox Windows & Doors,
NN7,Fox Windows & Doors,
NN99,Fox Windows & Doors,
EC1M,Frameless Glass Curtains,
EC1N,Frameless Glass Curtains,
EC1P,Frameless Glass Curtains,
EC1R,Frameless Glass Curtains,
EC1V,Frameless Glass Curtains,
EC1Y,Frameless Glass Curtains,
EC2A,Frameless Glass Curtains,
EC2M,Frameless Glass Curtains,
EC2N,Frameless Glass Curtains,
EC2P,Frameless Glass Curtains,
EC2R,Frameless Glass Curtains,
EC2V,Frameless Glass Curtains,
EC2Y,Frameless Glass Curtains,
EC3A,Frameless Glass Curtains,
EC3B,Frameless Glass Curtains,
EC3M,Frameless Glass Curtains,
EC3N,Frameless Glass Curtains,
EC3P,Frameless Glass Curtains,
EC3R,Frameless Glass Curtains,
EC3V,Frameless Glass Curtains,
EC4A,Frameless Glass Curtains,
EC4M,Frameless Glass Curtains,
EC4N,Frameless Glass Curtains,
EC4P,Frameless Glass Curtains,
EC4R,Frameless Glass Curtains,
EC4V,Frameless Glass Curtains,
EC4Y,Frameless Glass Curtains,
EC50,Frameless Glass Curtains,
EC88,Frameless Glass Curtains,
CF1,Glass House,
CF10,Glass House,
CF11,Glass House,
CF14,Glass House,
CF15,Glass House,
CF2,Glass House,
CF21,Glass House,
CF23,Glass House,
CF24,Glass House,
CF3,Glass House,
CF30,Glass House,
CF31,Glass House,
CF32,Glass House,
CF33,Glass House,
CF34,Glass House,
CF35,Glass House,
CF36,Glass House,
CF37,Glass House,
CF38,Glass House,
CF39,Glass House,
CF4,Glass House,
CF40,Glass House,
CF41,Glass House,
CF42,Glass House,
CF43,Glass House,
CF44,Glass House,
CF45,Glass House,
CF46,Glass House,
CF47,Glass House,
CF48,Glass House,
CF5,Glass House,
CF6,Glass House,
CF61,Glass House,
CF62,Glass House,
CF63,Glass House,
CF64,Glass House,
CF7,Glass House,
CF71,Glass House,
CF72,Glass House,
CF8,Glass House,
CF81,Glass House,
CF82,Glass House,
CF83,Glass House,
CF91,Glass House,
CF95,Glass House,
SA1,Glass House,
SA10,Glass House,
SA11,Glass House,
SA12,Glass House,
SA13,Glass House,
SA2,Glass House,
SA20,Glass House,
SA3,Glass House,
SA4,Glass House,
SA5,Glass House,
SA6,Glass House,
SA7,Glass House,
SA8,Glass House,
SA9,Glass House,
HA0,Timber Windows Ruislip,
WD1,Harp Windows,
WD17,Harp Windows,
WD18,Harp Windows,
WD19,Harp Windows,
WD2,Harp Windows,
WD23,Harp Windows,
WD24,Harp Windows,
WD25,Harp Windows,
WD3,Harp Windows,
WD4,Harp Windows,
WD5,Harp Windows,
WD6,Harp Windows,
WD7,Harp Windows,
WD99,Harp Windows,
HR1,Hereford Windows,
HR2,Hereford Windows,
HR3,Hereford Windows,
HR4,Hereford Windows,
OX18,Homestyle Plastic LTD ,
OX2,Homestyle Plastic LTD ,
OX20,Homestyle Plastic LTD ,
OX25,Homestyle Plastic LTD ,
OX26,Homestyle Plastic LTD ,
OX27,Homestyle Plastic LTD ,
OX28,Homestyle Plastic LTD ,
OX29,Homestyle Plastic LTD ,
OX3,Homestyle Plastic LTD ,
OX33,Homestyle Plastic LTD ,
OX39,Homestyle Plastic LTD ,
OX4,Homestyle Plastic LTD ,
OX44,Homestyle Plastic LTD ,
OX49,Homestyle Plastic LTD ,
OX5,Homestyle Plastic LTD ,
OX6,Homestyle Plastic LTD ,
OX7,Homestyle Plastic LTD ,
OX8,Homestyle Plastic LTD ,
OX9,Homestyle Plastic LTD ,
SN7,Homestyle Plastic LTD ,
DE11,JMI Windows,
DE12,JMI Windows,
DE13,JMI Windows,
DE14,JMI Windows,
DE15,JMI Windows,
WS13,JMI Windows,
WS14,JMI Windows,
WS15,JMI Windows,
WS7,JMI Windows,
CH1,John Knight Glass Ltd ,
CH2,John Knight Glass Ltd ,
CH25,John Knight Glass Ltd ,
CH26,John Knight Glass Ltd ,
CH27,John Knight Glass Ltd ,
CH28,John Knight Glass Ltd ,
CH29,John Knight Glass Ltd ,
CH3,John Knight Glass Ltd ,
CH30,John Knight Glass Ltd ,
CH31,John Knight Glass Ltd ,
CH32,John Knight Glass Ltd ,
CH33,John Knight Glass Ltd ,
CH34,John Knight Glass Ltd ,
CH4,John Knight Glass Ltd ,
CH41,John Knight Glass Ltd ,
CH42,John Knight Glass Ltd ,
CH43,John Knight Glass Ltd ,
CH44,John Knight Glass Ltd ,
CH45,John Knight Glass Ltd ,
CH46,John Knight Glass Ltd ,
CH47,John Knight Glass Ltd ,
CH48,John Knight Glass Ltd ,
CH49,John Knight Glass Ltd ,
CH5,John Knight Glass Ltd ,
CH6,John Knight Glass Ltd ,
CH60,John Knight Glass Ltd ,
CH61,John Knight Glass Ltd ,
CH62,John Knight Glass Ltd ,
CH63,John Knight Glass Ltd ,
CH64,John Knight Glass Ltd ,
CH65,John Knight Glass Ltd ,
CH66,John Knight Glass Ltd ,
CH7,John Knight Glass Ltd ,
CH70,John Knight Glass Ltd ,
CH8,John Knight Glass Ltd ,
CH88,John Knight Glass Ltd ,
CH99,John Knight Glass Ltd ,
L1,John Knight Glass Ltd ,
L10,John Knight Glass Ltd ,
L11,John Knight Glass Ltd ,
L12,John Knight Glass Ltd ,
L13,John Knight Glass Ltd ,
L14,John Knight Glass Ltd ,
L15,John Knight Glass Ltd ,
L16,John Knight Glass Ltd ,
L17,John Knight Glass Ltd ,
L18,John Knight Glass Ltd ,
L19,John Knight Glass Ltd ,
L2,John Knight Glass Ltd ,
L20,John Knight Glass Ltd ,
L21,John Knight Glass Ltd ,
L22,John Knight Glass Ltd ,
L23,John Knight Glass Ltd ,
L24,John Knight Glass Ltd ,
L25,John Knight Glass Ltd ,
L26,John Knight Glass Ltd ,
L27,John Knight Glass Ltd ,
L28,John Knight Glass Ltd ,
L29,John Knight Glass Ltd ,
L3,John Knight Glass Ltd ,
L30,John Knight Glass Ltd ,
L31,John Knight Glass Ltd ,
L32,John Knight Glass Ltd ,
L33,John Knight Glass Ltd ,
L34,John Knight Glass Ltd ,
L35,John Knight Glass Ltd ,
L36,John Knight Glass Ltd ,
L37,John Knight Glass Ltd ,
L38,John Knight Glass Ltd ,
L39,John Knight Glass Ltd ,
L4,John Knight Glass Ltd ,
L40,John Knight Glass Ltd ,
L41,John Knight Glass Ltd ,
L42,John Knight Glass Ltd ,
L43,John Knight Glass Ltd ,
L44,John Knight Glass Ltd ,
L45,John Knight Glass Ltd ,
L46,John Knight Glass Ltd ,
L47,John Knight Glass Ltd ,
L48,John Knight Glass Ltd ,
L49,John Knight Glass Ltd ,
L5,John Knight Glass Ltd ,
L6,John Knight Glass Ltd ,
L60,John Knight Glass Ltd ,
L61,John Knight Glass Ltd ,
L62,John Knight Glass Ltd ,
L63,John Knight Glass Ltd ,
L64,John Knight Glass Ltd ,
L65,John Knight Glass Ltd ,
L66,John Knight Glass Ltd ,
L67,John Knight Glass Ltd ,
L68,John Knight Glass Ltd ,
L69,John Knight Glass Ltd ,
L7,John Knight Glass Ltd ,
L70,John Knight Glass Ltd ,
L71,John Knight Glass Ltd ,
L72,John Knight Glass Ltd ,
L73,John Knight Glass Ltd ,
L75,John Knight Glass Ltd ,
L8,John Knight Glass Ltd ,
L80,John Knight Glass Ltd ,
L9,John Knight Glass Ltd ,
LL11,John Knight Glass Ltd ,
LL12,John Knight Glass Ltd ,
LL13,John Knight Glass Ltd ,
LL14,John Knight Glass Ltd ,
LL18,John Knight Glass Ltd ,
LL19,John Knight Glass Ltd ,
LL22,John Knight Glass Ltd ,
LL24,John Knight Glass Ltd ,
LL25,John Knight Glass Ltd ,
LL26,John Knight Glass Ltd ,
LL27,John Knight Glass Ltd ,
LL28,John Knight Glass Ltd ,
LL29,John Knight Glass Ltd ,
LL30,John Knight Glass Ltd ,
LL31,John Knight Glass Ltd ,
LL32,John Knight Glass Ltd ,
LL33,John Knight Glass Ltd ,
LL34,John Knight Glass Ltd ,
LL54,John Knight Glass Ltd ,
LL55,John Knight Glass Ltd ,
LL56,John Knight Glass Ltd ,
LL57,John Knight Glass Ltd ,
LL58,John Knight Glass Ltd ,
LL59,John Knight Glass Ltd ,
LL60,John Knight Glass Ltd ,
LL61,John Knight Glass Ltd ,
LL62,John Knight Glass Ltd ,
LL63,John Knight Glass Ltd ,
LL64,John Knight Glass Ltd ,
LL65,John Knight Glass Ltd ,
LL66,John Knight Glass Ltd ,
LL67,John Knight Glass Ltd ,
LL68,John Knight Glass Ltd ,
LL69,John Knight Glass Ltd ,
LL70,John Knight Glass Ltd ,
LL71,John Knight Glass Ltd ,
LL72,John Knight Glass Ltd ,
LL73,John Knight Glass Ltd ,
LL74,John Knight Glass Ltd ,
LL75,John Knight Glass Ltd ,
LL76,John Knight Glass Ltd ,
LL77,John Knight Glass Ltd ,
LL78,John Knight Glass Ltd ,
M20,John Knight Glass Ltd ,
M21,John Knight Glass Ltd ,
M22,John Knight Glass Ltd ,
M23,John Knight Glass Ltd ,
M24,Radcliffe Glass and Windows ,
M28,John Knight Glass Ltd ,
M29,John Knight Glass Ltd ,
M30,John Knight Glass Ltd ,
M31,John Knight Glass Ltd ,
M32,John Knight Glass Ltd ,
M33,John Knight Glass Ltd ,
M38,John Knight Glass Ltd ,
M41,John Knight Glass Ltd ,
M44,John Knight Glass Ltd ,
M46,John Knight Glass Ltd ,
M90,John Knight Glass Ltd ,
WA1,John Knight Glass Ltd ,
WA10,John Knight Glass Ltd ,
WA11,John Knight Glass Ltd ,
WA12,John Knight Glass Ltd ,
WA13,John Knight Glass Ltd ,
WA14,John Knight Glass Ltd ,
WA15,John Knight Glass Ltd ,
WA16,John Knight Glass Ltd ,
WA2,John Knight Glass Ltd ,
WA3,John Knight Glass Ltd ,
WA4,John Knight Glass Ltd ,
WA5,John Knight Glass Ltd ,
WA55,John Knight Glass Ltd ,
WA6,John Knight Glass Ltd ,
WA7,John Knight Glass Ltd ,
WA8,John Knight Glass Ltd ,
WA88,John Knight Glass Ltd ,
WA9,John Knight Glass Ltd ,
WN1,John Knight Glass Ltd ,
WN2,John Knight Glass Ltd ,
WN3,John Knight Glass Ltd ,
WN4,John Knight Glass Ltd ,
WN5,John Knight Glass Ltd ,
WN6,John Knight Glass Ltd ,
WN7,John Knight Glass Ltd ,
WN8,John Knight Glass Ltd ,
LE15,Kettell Windows,
LE16,Kettell Windows,
LE17,Kettell Windows,
LE65,Kettell Windows,
GL1,L&L Installations Ltd,
GL10,L&L Installations Ltd,
GL11,L&L Installations Ltd,
GL13,L&L Installations Ltd,
GL14,L&L Installations Ltd,
GL15,L&L Installations Ltd,
GL16,L&L Installations Ltd,
GL17,L&L Installations Ltd,
GL18,L&L Installations Ltd,
GL19,L&L Installations Ltd,
GL2,L&L Installations Ltd,
GL20,L&L Installations Ltd,
GL3,L&L Installations Ltd,
GL4,L&L Installations Ltd,
GL5,L&L Installations Ltd,
GL50,L&L Installations Ltd,
GL51,L&L Installations Ltd,
GL52,L&L Installations Ltd,
GL53,L&L Installations Ltd,
GL54,L&L Installations Ltd,
GL55,L&L Installations Ltd,
GL56,L&L Installations Ltd,
GL6,L&L Installations Ltd,
HR5,L&L Installations Ltd,
HR6,L&L Installations Ltd,
HR7,L&L Installations Ltd,
HR8,L&L Installations Ltd,
HR9,L&L Installations Ltd,
WR10,L&L Installations Ltd,
WR11,L&L Installations Ltd,
WR12,L&L Installations Ltd,
WR13,L&L Installations Ltd,
WR14,L&L Installations Ltd,
WR5,L&L Installations Ltd,
WR6,L&L Installations Ltd,
WR7,L&L Installations Ltd,
WR78,L&L Installations Ltd,
WR8,L&L Installations Ltd,
WR99,L&L Installations Ltd,
LN1,,
LN10,,
LN11,,
LN12,,
LN13,,
LN2,,
LN3,,
LN4,,
LN5,,
LN6,,
LN7,,
LN8,,
LN9,,
LE1,Kettell Windows,
LE11,Kettell Windows,
LE12,Kettell Windows,
LE13,Kettell Windows,
LE14,Kettell Windows,
LE18,Kettell Windows,
LE19,Kettell Windows,
LE2,Kettell Windows,
LE21,Kettell Windows,
LE3,Kettell Windows,
LE4,Kettell Windows,
LE41,Kettell Windows,
LE5,Kettell Windows,
LE55,Kettell Windows,
LE6,Kettell Windows,
LE67,Kettell Windows,
LE7,Kettell Windows,
LE8,Kettell Windows,
LE87,Kettell Windows,
LE94,Kettell Windows,
LE99,Kettell Windows,
LD1,Mid Wales Windows,
LD2,Mid Wales Windows,
LD3,Mid Wales Windows,
LD4,Mid Wales Windows,
LD5,Mid Wales Windows,
LD6,Mid Wales Windows,
LD7,Mid Wales Windows,
LD8,Mid Wales Windows,
EH1,Mitchell Glass,
EH10,Mitchell Glass,
EH11,Mitchell Glass,
EH12,Mitchell Glass,
EH13,Mitchell Glass,
EH14,Mitchell Glass,
EH15,Mitchell Glass,
EH16,Mitchell Glass,
EH17,Mitchell Glass,
EH18,Mitchell Glass,
EH19,Mitchell Glass,
EH2,Mitchell Glass,
EH20,Mitchell Glass,
EH21,Mitchell Glass,
EH22,Mitchell Glass,
EH23,Mitchell Glass,
EH24,Mitchell Glass,
EH25,Mitchell Glass,
EH26,Mitchell Glass,
EH27,Mitchell Glass,
EH28,Mitchell Glass,
EH29,Mitchell Glass,
EH3,Mitchell Glass,
EH30,Mitchell Glass,
EH31,Mitchell Glass,
EH32,Mitchell Glass,
EH33,Mitchell Glass,
EH34,Mitchell Glass,
EH35,Mitchell Glass,
EH36,Mitchell Glass,
EH37,Mitchell Glass,
EH38,Mitchell Glass,
EH39,Mitchell Glass,
EH4,Mitchell Glass,
EH40,Mitchell Glass,
EH41,Mitchell Glass,
EH42,Mitchell Glass,
EH43,Mitchell Glass,
EH44,Mitchell Glass,
EH45,Mitchell Glass,
EH46,Mitchell Glass,
EH47,Mitchell Glass,
EH48,Mitchell Glass,
EH49,Mitchell Glass,
EH5,Mitchell Glass,
EH51,Mitchell Glass,
EH52,Mitchell Glass,
EH53,Mitchell Glass,
EH54,Mitchell Glass,
EH55,Mitchell Glass,
EH6,Mitchell Glass,
EH7,Mitchell Glass,
EH8,Mitchell Glass,
EH9,Mitchell Glass,
EH91,Mitchell Glass,
EH99,Mitchell Glass,
FK1,Mitchell Glass,
FK10,Mitchell Glass,
FK11,Mitchell Glass,
FK12,Mitchell Glass,
FK13,Mitchell Glass,
FK14,Mitchell Glass,
FK15,Mitchell Glass,
FK16,Mitchell Glass,
FK17,Mitchell Glass,
FK18,Mitchell Glass,
FK19,Mitchell Glass,
FK2,Mitchell Glass,
FK20,Mitchell Glass,
FK21,Mitchell Glass,
FK3,Mitchell Glass,
FK4,Mitchell Glass,
FK5,Mitchell Glass,
FK6,Mitchell Glass,
FK7,Mitchell Glass,
FK8,Mitchell Glass,
FK9,Mitchell Glass,
G1,Mitchell Glass,
G11,Mitchell Glass,
G12,Mitchell Glass,
G13,Mitchell Glass,
G14,Mitchell Glass,
G15,Mitchell Glass,
G2,Mitchell Glass,
G20,Mitchell Glass,
G21,Mitchell Glass,
G22,Mitchell Glass,
G23,Mitchell Glass,
G3,Mitchell Glass,
G31,Mitchell Glass,
G32,Mitchell Glass,
G33,Mitchell Glass,
G34,Mitchell Glass,
G4,Mitchell Glass,
G40,Mitchell Glass,
G41,Mitchell Glass,
G42,Mitchell Glass,
G43,Mitchell Glass,
G44,Mitchell Glass,
G45,Mitchell Glass,
G46,Mitchell Glass,
G5,Mitchell Glass,
G51,Mitchell Glass,
G52,Mitchell Glass,
G53,Mitchell Glass,
G58,Mitchell Glass,
G59,Mitchell Glass,
G60,Mitchell Glass,
G61,Mitchell Glass,
G62,Mitchell Glass,
G63,Mitchell Glass,
G64,Mitchell Glass,
G65,Mitchell Glass,
G66,Mitchell Glass,
G67,Mitchell Glass,
G68,Mitchell Glass,
G69,Mitchell Glass,
G70,Mitchell Glass,
G71,Mitchell Glass,
G72,Mitchell Glass,
G73,Mitchell Glass,
G74,Mitchell Glass,
G75,Mitchell Glass,
G76,Mitchell Glass,
G77,Mitchell Glass,
G78,Mitchell Glass,
G80,Mitchell Glass,
G81,Mitchell Glass,
G82,Mitchell Glass,
G83,Mitchell Glass,
G84,Mitchell Glass,
G9,Mitchell Glass,
G90,Mitchell Glass,
ML1,Mitchell Glass,
ML10,Mitchell Glass,
ML11,Mitchell Glass,
ML12,Mitchell Glass,
ML2,Mitchell Glass,
ML3,Mitchell Glass,
ML4,Mitchell Glass,
ML5,Mitchell Glass,
ML6,Mitchell Glass,
ML7,Mitchell Glass,
ML8,Mitchell Glass,
ML9,Mitchell Glass,
TD1,Mitchell Glass,
TD10,Mitchell Glass,
TD11,Mitchell Glass,
TD12,Mitchell Glass,
TD13,Mitchell Glass,
TD14,Mitchell Glass,
TD15,Mitchell Glass,
TD2,Mitchell Glass,
TD3,Mitchell Glass,
TD4,Mitchell Glass,
TD5,Mitchell Glass,
TD6,Mitchell Glass,
TD7,Mitchell Glass,
TD8,Mitchell Glass,
TD9,Mitchell Glass,
NR1,Morton Windows & Cons Ltd ,
NR10,Morton Windows & Cons Ltd ,
NR11,Morton Windows & Cons Ltd ,
NR12,Morton Windows & Cons Ltd ,
NR13,Morton Windows & Cons Ltd ,
NR14,Morton Windows & Cons Ltd ,
NR19,Morton Windows & Cons Ltd ,
NR2,Morton Windows & Cons Ltd ,
NR20,Morton Windows & Cons Ltd ,
NR21,Morton Windows & Cons Ltd ,
NR22,Morton Windows & Cons Ltd ,
NR23,Morton Windows & Cons Ltd ,
NR24,Morton Windows & Cons Ltd ,
NR25,Morton Windows & Cons Ltd ,
NR26,Morton Windows & Cons Ltd ,
NR27,Morton Windows & Cons Ltd ,
NR28,Morton Windows & Cons Ltd ,
NR29,Morton Windows & Cons Ltd ,
NR3,Morton Windows & Cons Ltd ,
NR30,Morton Windows & Cons Ltd ,
NR31,Morton Windows & Cons Ltd ,
NR32,Morton Windows & Cons Ltd ,
NR33,Morton Windows & Cons Ltd ,
NR34,Morton Windows & Cons Ltd ,
NR35,Morton Windows & Cons Ltd ,
NR4,Morton Windows & Cons Ltd ,
NR5,Morton Windows & Cons Ltd ,
NR6,Morton Windows & Cons Ltd ,
NR7,Morton Windows & Cons Ltd ,
NR8,Morton Windows & Cons Ltd ,
NR9,Morton Windows & Cons Ltd ,
NR99,Morton Windows & Cons Ltd ,
BA8,Newglaze Windows & Doors ,
BA9,Newglaze Windows & Doors ,
BH1,Newglaze Windows & Doors ,
BH10,Newglaze Windows & Doors ,
BH11,Newglaze Windows & Doors ,
BH12,Newglaze Windows & Doors ,
BH13,Newglaze Windows & Doors ,
BH14,Newglaze Windows & Doors ,
BH15,Newglaze Windows & Doors ,
BH16,Newglaze Windows & Doors ,
BH17,Newglaze Windows & Doors ,
BH18,Newglaze Windows & Doors ,
BH19,Newglaze Windows & Doors ,
BH2,Newglaze Windows & Doors ,
BH20,Newglaze Windows & Doors ,
BH3,Newglaze Windows & Doors ,
BH4,Newglaze Windows & Doors ,
BH5,Newglaze Windows & Doors ,
BH6,Newglaze Windows & Doors ,
BH7,Newglaze Windows & Doors ,
BH8,Newglaze Windows & Doors ,
BH9,Newglaze Windows & Doors ,
DT1,Newglaze Windows & Doors ,
DT10,Newglaze Windows & Doors ,
DT11,Newglaze Windows & Doors ,
DT2,Newglaze Windows & Doors ,
DT3,Newglaze Windows & Doors ,
DT4,Newglaze Windows & Doors ,
DT5,Newglaze Windows & Doors ,
DT6,Newglaze Windows & Doors ,
DT7,Newglaze Windows & Doors ,
DT8,Newglaze Windows & Doors ,
DT9,Newglaze Windows & Doors ,
SP1,Newglaze Windows & Doors ,
SP10,Newglaze Windows & Doors ,
SP11,Newglaze Windows & Doors ,
SP2,Newglaze Windows & Doors ,
SP3,Newglaze Windows & Doors ,
SP4,Newglaze Windows & Doors ,
SP5,Newglaze Windows & Doors ,
SP6,Newglaze Windows & Doors ,
SP7,Newglaze Windows & Doors ,
SP8,Newglaze Windows & Doors ,
SP9,Newglaze Windows & Doors ,
BA16,S Notaro Windows Limited ,
TA1,S Notaro Windows Limited ,
TA10,S Notaro Windows Limited ,
TA11,S Notaro Windows Limited ,
TA12,S Notaro Windows Limited ,
TA13,S Notaro Windows Limited ,
TA14,S Notaro Windows Limited ,
TA15,S Notaro Windows Limited ,
TA16,S Notaro Windows Limited ,
TA17,S Notaro Windows Limited ,
TA18,S Notaro Windows Limited ,
TA19,S Notaro Windows Limited ,
TA2,S Notaro Windows Limited ,
TA20,S Notaro Windows Limited ,
TA21,S Notaro Windows Limited ,
TA22,S Notaro Windows Limited ,
TA23,S Notaro Windows Limited ,
TA24,S Notaro Windows Limited ,
TA3,S Notaro Windows Limited ,
TA4,S Notaro Windows Limited ,
TA5,S Notaro Windows Limited ,
TA6,S Notaro Windows Limited ,
TA7,S Notaro Windows Limited ,
TA8,S Notaro Windows Limited ,
TA9,S Notaro Windows Limited ,
BD1,Oldridge Windows,
BD10,Oldridge Windows,
BD11,Oldridge Windows,
BD12,Oldridge Windows,
BD13,Oldridge Windows,
BD14,Oldridge Windows,
BD15,Oldridge Windows,
BD16,Oldridge Windows,
BD17,Oldridge Windows,
BD18,Oldridge Windows,
BD19,Oldridge Windows,
BD2,Oldridge Windows,
BD20,Oldridge Windows,
BD21,Oldridge Windows,
BD22,Oldridge Windows,
BD23,Oldridge Windows,
BD24,Oldridge Windows,
BD3,Oldridge Windows,
BD4,Oldridge Windows,
BD5,Oldridge Windows,
BD6,Oldridge Windows,
BD7,Oldridge Windows,
BD8,Oldridge Windows,
BD9,Oldridge Windows,
BD98,Oldridge Windows,
BD99,Oldridge Windows,
HD1,Oldridge Windows,
HD2,Oldridge Windows,
HD3,Oldridge Windows,
HD4,Oldridge Windows,
HD5,Oldridge Windows,
HD6,Oldridge Windows,
HD7,Oldridge Windows,
HD8,Oldridge Windows,
HD9,Oldridge Windows,
HG1,Oldridge Windows,
HG2,Oldridge Windows,
HG3,Oldridge Windows,
HG4,Oldridge Windows,
HG5,Oldridge Windows,
LS1,Oldridge Windows,
LS10,Oldridge Windows,
LS11,Oldridge Windows,
LS12,Oldridge Windows,
LS13,Oldridge Windows,
LS14,Oldridge Windows,
LS15,Oldridge Windows,
LS16,Oldridge Windows,
LS17,Oldridge Windows,
LS18,Oldridge Windows,
LS19,Oldridge Windows,
LS2,Oldridge Windows,
LS20,Oldridge Windows,
LS21,Oldridge Windows,
LS22,Oldridge Windows,
LS23,Oldridge Windows,
LS24,Oldridge Windows,
LS25,Oldridge Windows,
LS26,Oldridge Windows,
LS27,Oldridge Windows,
LS28,Oldridge Windows,
LS29,Oldridge Windows,
LS3,Oldridge Windows,
LS4,Oldridge Windows,
LS5,Oldridge Windows,
LS6,Oldridge Windows,
LS7,Oldridge Windows,
LS8,Oldridge Windows,
LS88,Oldridge Windows,
LS9,Oldridge Windows,
LS98,Oldridge Windows,
LS99,Oldridge Windows,
YO1,Oldridge Windows,
YO10,Oldridge Windows,
YO19,Oldridge Windows,
YO2,Oldridge Windows,
YO23,Oldridge Windows,
YO24,Oldridge Windows,
YO26,Oldridge Windows,
YO3,Oldridge Windows,
YO30,Oldridge Windows,
YO31,Oldridge Windows,
YO32,Oldridge Windows,
YO4,Oldridge Windows,
YO41,Oldridge Windows,
YO5,Oldridge Windows,
YO51,Oldridge Windows,
YO6,Oldridge Windows,
YO61,Oldridge Windows,
YO7,Oldridge Windows,
YO8,Oldridge Windows,
YO90,Oldridge Windows,
YO91,Oldridge Windows,
YO95,Oldridge Windows,
NN10,Olivair,
NN14,Olivair,
NN15,Olivair,
NN16,Olivair,
NN17,Olivair,
NN18,Olivair,
NN29,Olivair,
NN8,Olivair,
NN9,Olivair,
GU1,P&P Glass Ltd ,
GU2,P&P Glass Ltd ,
GU3,P&P Glass Ltd ,
GU4,P&P Glass Ltd ,
KT10,P&P Glass Ltd ,
KT2,P&P Glass Ltd ,
KT24,P&P Glass Ltd ,
KT3,P&P Glass Ltd ,
KT7,P&P Glass Ltd ,
KT8,P&P Glass Ltd ,
SW10,P&P Glass Ltd ,
SW11,P&P Glass Ltd ,
SW12,P&P Glass Ltd ,
SW13,P&P Glass Ltd ,
SW14,P&P Glass Ltd ,
SW15,P&P Glass Ltd ,
SW16,P&P Glass Ltd ,
SW17,P&P Glass Ltd ,
SW18,P&P Glass Ltd ,
SW19,P&P Glass Ltd ,
SW1A,P&P Glass Ltd ,
SW1E,P&P Glass Ltd ,
SW1H,P&P Glass Ltd ,
SW1P,P&P Glass Ltd ,
SW1V,P&P Glass Ltd ,
SW1W,P&P Glass Ltd ,
SW1X,P&P Glass Ltd ,
SW1Y,P&P Glass Ltd ,
SW2,P&P Glass Ltd ,
SW20,P&P Glass Ltd ,
SW3,P&P Glass Ltd ,
SW4,P&P Glass Ltd ,
SW5,P&P Glass Ltd ,
SW6,P&P Glass Ltd ,
SW7,P&P Glass Ltd ,
SW8,P&P Glass Ltd ,
SW9,P&P Glass Ltd ,
SW95,P&P Glass Ltd ,
SW99,P&P Glass Ltd ,
TW1,P&P Glass Ltd ,
TW10,P&P Glass Ltd ,
TW11,P&P Glass Ltd ,
TW12,P&P Glass Ltd ,
TW13,P&P Glass Ltd ,
TW14,P&P Glass Ltd ,
TW15,P&P Glass Ltd ,
TW16,P&P Glass Ltd ,
TW2,P&P Glass Ltd ,
TW3,P&P Glass Ltd ,
TW4,P&P Glass Ltd ,
TW5,P&P Glass Ltd ,
TW6,P&P Glass Ltd ,
TW7,P&P Glass Ltd ,
TW8,P&P Glass Ltd ,
TW9,P&P Glass Ltd ,
BS0,Panoramic Windows & Cons. ,
BS1,Panoramic Windows & Cons. ,
BS10,Panoramic Windows & Cons. ,
BS11,Panoramic Windows & Cons. ,
BS12,Panoramic Windows & Cons. ,
BS13,Panoramic Windows & Cons. ,
BS14,Panoramic Windows & Cons. ,
BS15,Panoramic Windows & Cons. ,
BS16,Panoramic Windows & Cons. ,
BS17,Panoramic Windows & Cons. ,
BS18,Panoramic Windows & Cons. ,
BS19,Panoramic Windows & Cons. ,
BS2,Panoramic Windows & Cons. ,
BS20,Panoramic Windows & Cons. ,
BS21,Panoramic Windows & Cons. ,
BS22,Panoramic Windows & Cons. ,
BS23,Panoramic Windows & Cons. ,
BS24,Panoramic Windows & Cons. ,
BS25,Panoramic Windows & Cons. ,
BS26,Panoramic Windows & Cons. ,
BS27,Panoramic Windows & Cons. ,
BS28,Panoramic Windows & Cons. ,
BS29,Panoramic Windows & Cons. ,
BS3,Panoramic Windows & Cons. ,
BS30,Panoramic Windows & Cons. ,
BS31,Panoramic Windows & Cons. ,
BS32,Panoramic Windows & Cons. ,
BS34,Panoramic Windows & Cons. ,
BS35,Panoramic Windows & Cons. ,
BS36,Panoramic Windows & Cons. ,
BS37,Panoramic Windows & Cons. ,
BS38,Panoramic Windows & Cons. ,
BS39,Panoramic Windows & Cons. ,
BS4,Panoramic Windows & Cons. ,
BS40,Panoramic Windows & Cons. ,
BS41,Panoramic Windows & Cons. ,
BS48,Panoramic Windows & Cons. ,
BS49,Panoramic Windows & Cons. ,
BS5,Panoramic Windows & Cons. ,
BS6,Panoramic Windows & Cons. ,
BS7,Panoramic Windows & Cons. ,
BS77,Panoramic Windows & Cons. ,
BS8,Panoramic Windows & Cons. ,
BS80,Panoramic Windows & Cons. ,
BS9,Panoramic Windows & Cons. ,
BS98,Panoramic Windows & Cons. ,
BS99,Panoramic Windows & Cons. ,
GL12,Panoramic Windows & Cons. ,
GL9,Panoramic Windows & Cons. ,
DN1,Derwent Sash Windows Ltd,
DN10,Derwent Sash Windows Ltd,
DN11,Derwent Sash Windows Ltd,
DN12,Derwent Sash Windows Ltd,
DN14,Derwent Sash Windows Ltd,
DN15,Derwent Sash Windows Ltd,
DN16,Derwent Sash Windows Ltd,
DN17,Derwent Sash Windows Ltd,
DN18,Derwent Sash Windows Ltd,
DN19,Derwent Sash Windows Ltd,
DN2,Derwent Sash Windows Ltd,
DN20,Derwent Sash Windows Ltd,
DN21,Derwent Sash Windows Ltd,
DN22,Derwent Sash Windows Ltd,
DN3,Derwent Sash Windows Ltd,
DN31,Derwent Sash Windows Ltd,
DN32,Derwent Sash Windows Ltd,
DN33,Derwent Sash Windows Ltd,
DN34,Derwent Sash Windows Ltd,
DN35,Derwent Sash Windows Ltd,
DN36,Derwent Sash Windows Ltd,
DN37,Derwent Sash Windows Ltd,
DN38,Derwent Sash Windows Ltd,
DN39,Derwent Sash Windows Ltd,
DN4,Derwent Sash Windows Ltd,
DN40,Derwent Sash Windows Ltd,
DN41,Derwent Sash Windows Ltd,
DN5,Derwent Sash Windows Ltd,
DN55,Derwent Sash Windows Ltd,
DN6,Derwent Sash Windows Ltd,
DN7,Derwent Sash Windows Ltd,
DN8,Derwent Sash Windows Ltd,
DN9,Derwent Sash Windows Ltd,
S1,Derwent Sash Windows Ltd,
S10,Derwent Sash Windows Ltd,
S11,Derwent Sash Windows Ltd,
S12,Derwent Sash Windows Ltd,
S13,Derwent Sash Windows Ltd,
S14,Derwent Sash Windows Ltd,
S17,Derwent Sash Windows Ltd,
S18,Derwent Sash Windows Ltd,
S19,Derwent Sash Windows Ltd,
S2,Derwent Sash Windows Ltd,
S20,Derwent Sash Windows Ltd,
S21,Derwent Sash Windows Ltd,
S25,Derwent Sash Windows Ltd,
S26,Derwent Sash Windows Ltd,
S3,Derwent Sash Windows Ltd,
S30,Derwent Sash Windows Ltd,
S31,Derwent Sash Windows Ltd,
S32,Derwent Sash Windows Ltd,
S33,Derwent Sash Windows Ltd,
S35,Derwent Sash Windows Ltd,
S36,Derwent Sash Windows Ltd,
S4,Derwent Sash Windows Ltd,
S40,Derwent Sash Windows Ltd,
S41,Derwent Sash Windows Ltd,
S42,Derwent Sash Windows Ltd,
S43,Derwent Sash Windows Ltd,
S44,Derwent Sash Windows Ltd,
S45,Derwent Sash Windows Ltd,
S49,Derwent Sash Windows Ltd,
S5,Derwent Sash Windows Ltd,
S6,Derwent Sash Windows Ltd,
S60,Derwent Sash Windows Ltd,
S61,Derwent Sash Windows Ltd,
S62,Derwent Sash Windows Ltd,
S63,Derwent Sash Windows Ltd,
S64,Derwent Sash Windows Ltd,
S65,Derwent Sash Windows Ltd,
S66,Derwent Sash Windows Ltd,
S69,Derwent Sash Windows Ltd,
S7,Derwent Sash Windows Ltd,
S70,Derwent Sash Windows Ltd,
S71,Derwent Sash Windows Ltd,
S72,Derwent Sash Windows Ltd,
S73,Derwent Sash Windows Ltd,
S74,Derwent Sash Windows Ltd,
S75,Derwent Sash Windows Ltd,
S8,Derwent Sash Windows Ltd,
S80,Derwent Sash Windows Ltd,
S81,Derwent Sash Windows Ltd,
S9,Derwent Sash Windows Ltd,
S95,Derwent Sash Windows Ltd,
S96,Derwent Sash Windows Ltd,
S97,Derwent Sash Windows Ltd,
S98,Derwent Sash Windows Ltd,
S99,Derwent Sash Windows Ltd,
YO11,Proline Windows,
YO12,Proline Windows,
YO13,Proline Windows,
YO14,Proline Windows,
YO15,Proline Windows,
YO16,Proline Windows,
YO17,Proline Windows,
YO18,Proline Windows,
YO21,Proline Windows,
YO22,Proline Windows,
YO25,Proline Windows,
YO42,Proline Windows,
YO43,Proline Windows,
YO60,Proline Windows,
YO62,Proline Windows,
BN1,R&D Goatley Ltd ,
BN10,R&D Goatley Ltd ,
BN11,R&D Goatley Ltd ,
BN12,R&D Goatley Ltd ,
BN13,R&D Goatley Ltd ,
BN14,R&D Goatley Ltd ,
BN15,R&D Goatley Ltd ,
BN16,R&D Goatley Ltd ,
BN17,R&D Goatley Ltd ,
BN18,R&D Goatley Ltd ,
BN2,R&D Goatley Ltd ,
BN20,R&D Goatley Ltd ,
BN21,R&D Goatley Ltd ,
BN22,R&D Goatley Ltd ,
BN23,R&D Goatley Ltd ,
BN24,R&D Goatley Ltd ,
BN25,R&D Goatley Ltd ,
BN26,R&D Goatley Ltd ,
BN27,R&D Goatley Ltd ,
BN3,R&D Goatley Ltd ,
BN4,R&D Goatley Ltd ,
BN41,R&D Goatley Ltd ,
BN42,R&D Goatley Ltd ,
BN43,R&D Goatley Ltd ,
BN44,R&D Goatley Ltd ,
BN45,R&D Goatley Ltd ,
BN5,R&D Goatley Ltd ,
BN50,R&D Goatley Ltd ,
BN51,R&D Goatley Ltd ,
BN52,R&D Goatley Ltd ,
BN6,R&D Goatley Ltd ,
BN7,R&D Goatley Ltd ,
BN8,R&D Goatley Ltd ,
BN88,R&D Goatley Ltd ,
BN9,R&D Goatley Ltd ,
BN99,R&D Goatley Ltd ,
BB0,Radcliffe Glass and Windows ,
BB1,Radcliffe Glass and Windows ,
BB10,Radcliffe Glass and Windows ,
BB11,Radcliffe Glass and Windows ,
BB12,Radcliffe Glass and Windows ,
BB18,Radcliffe Glass and Windows ,
BB2,Radcliffe Glass and Windows ,
BB3,Radcliffe Glass and Windows ,
BB4,Radcliffe Glass and Windows ,
BB5,Radcliffe Glass and Windows ,
BB6,Radcliffe Glass and Windows ,
BB7,Radcliffe Glass and Windows ,
BB8,Radcliffe Glass and Windows ,
BB9,Radcliffe Glass and Windows ,
BB94,Radcliffe Glass and Windows ,
BL0,Radcliffe Glass and Windows ,
BL1,Radcliffe Glass and Windows ,
BL2,Radcliffe Glass and Windows ,
BL3,Radcliffe Glass and Windows ,
BL4,Radcliffe Glass and Windows ,
BL5,Radcliffe Glass and Windows ,
BL6,Radcliffe Glass and Windows ,
BL7,Radcliffe Glass and Windows ,
BL78,Radcliffe Glass and Windows ,
BL8,Radcliffe Glass and Windows ,
BL9,Radcliffe Glass and Windows ,
FY0,Radcliffe Glass and Windows ,
FY1,Radcliffe Glass and Windows ,
FY2,Radcliffe Glass and Windows ,
FY3,Radcliffe Glass and Windows ,
FY4,Radcliffe Glass and Windows ,
FY5,Radcliffe Glass and Windows ,
FY6,Radcliffe Glass and Windows ,
FY7,Radcliffe Glass and Windows ,
FY8,Radcliffe Glass and Windows ,
HX6,Radcliffe Glass and Windows ,
HX7,Radcliffe Glass and Windows ,
M1,Radcliffe Glass and Windows ,
M10,Radcliffe Glass and Windows ,
M11,Radcliffe Glass and Windows ,
M12,Radcliffe Glass and Windows ,
M13,Radcliffe Glass and Windows ,
M14,Radcliffe Glass and Windows ,
M15,Radcliffe Glass and Windows ,
M16,Radcliffe Glass and Windows ,
M17,Radcliffe Glass and Windows ,
M18,Radcliffe Glass and Windows ,
M2,Radcliffe Glass and Windows ,
M25,Radcliffe Glass and Windows ,
M26,Radcliffe Glass and Windows ,
M27,Radcliffe Glass and Windows ,
M3,Radcliffe Glass and Windows ,
M34,Radcliffe Glass and Windows ,
M35,Radcliffe Glass and Windows ,
M4,Radcliffe Glass and Windows ,
M40,Radcliffe Glass and Windows ,
M43,Radcliffe Glass and Windows ,
M45,Radcliffe Glass and Windows ,
M5,Radcliffe Glass and Windows ,
M50,Radcliffe Glass and Windows ,
M52,Radcliffe Glass and Windows ,
M6,Radcliffe Glass and Windows ,
M60,Radcliffe Glass and Windows ,
M61,Radcliffe Glass and Windows ,
M7,Radcliffe Glass and Windows ,
M8,Radcliffe Glass and Windows ,
M9,Radcliffe Glass and Windows ,
M99,Radcliffe Glass and Windows ,
OL1,Radcliffe Glass and Windows ,
OL10,Radcliffe Glass and Windows ,
OL11,Radcliffe Glass and Windows ,
OL12,Radcliffe Glass and Windows ,
OL13,Radcliffe Glass and Windows ,
OL14,Radcliffe Glass and Windows ,
OL15,Radcliffe Glass and Windows ,
OL16,Radcliffe Glass and Windows ,
OL2,Radcliffe Glass and Windows ,
OL3,Radcliffe Glass and Windows ,
OL4,Radcliffe Glass and Windows ,
OL5,Radcliffe Glass and Windows ,
OL6,Radcliffe Glass and Windows ,
OL7,Radcliffe Glass and Windows ,
OL8,Radcliffe Glass and Windows ,
OL9,Radcliffe Glass and Windows ,
OL95,Radcliffe Glass and Windows ,
PR0,Radcliffe Glass and Windows ,
PR1,Radcliffe Glass and Windows ,
PR11,Radcliffe Glass and Windows ,
PR2,Radcliffe Glass and Windows ,
PR25,Radcliffe Glass and Windows ,
PR26,Radcliffe Glass and Windows ,
PR3,Radcliffe Glass and Windows ,
PR4,Radcliffe Glass and Windows ,
PR5,Radcliffe Glass and Windows ,
PR6,Radcliffe Glass and Windows ,
PR7,Radcliffe Glass and Windows ,
PR8,Radcliffe Glass and Windows ,
PR9,Radcliffe Glass and Windows ,
BH21,Rococo Glass Limited ,
BH22,Rococo Glass Limited ,
BH23,Rococo Glass Limited ,
BH24,Rococo Glass Limited ,
BH25,Rococo Glass Limited ,
BH31,Rococo Glass Limited ,
PO12,Rococo Glass Limited ,
PO13,Rococo Glass Limited ,
PO14,Rococo Glass Limited ,
PO15,Rococo Glass Limited ,
PO16,Rococo Glass Limited ,
PO17,Rococo Glass Limited ,
SO1,Rococo Glass Limited ,
SO14,Rococo Glass Limited ,
SO15,Rococo Glass Limited ,
SO16,Rococo Glass Limited ,
SO17,Rococo Glass Limited ,
SO18,Rococo Glass Limited ,
SO19,Rococo Glass Limited ,
SO2,Rococo Glass Limited ,
SO20,Rococo Glass Limited ,
SO21,Rococo Glass Limited ,
SO22,Rococo Glass Limited ,
SO23,Rococo Glass Limited ,
SO24,Rococo Glass Limited ,
SO25,Rococo Glass Limited ,
SO3,Rococo Glass Limited ,
SO30,Rococo Glass Limited ,
SO31,Rococo Glass Limited ,
SO32,Rococo Glass Limited ,
SO4,Rococo Glass Limited ,
SO40,Rococo Glass Limited ,
SO41,Rococo Glass Limited ,
SO42,Rococo Glass Limited ,
SO43,Rococo Glass Limited ,
SO45,Rococo Glass Limited ,
SO5,Rococo Glass Limited ,
SO50,Rococo Glass Limited ,
SO51,Rococo Glass Limited ,
SO52,Rococo Glass Limited ,
SO53,Rococo Glass Limited ,
SO9,Rococo Glass Limited ,
SO97,Rococo Glass Limited ,
BA20,S Notaro Windows Limited ,
BA21,S Notaro Windows Limited ,
BA22,S Notaro Windows Limited ,
BA6,S Notaro Windows Limited ,
BA7,S Notaro Windows Limited ,
PE1,Safe Guard,
PE2,Safe Guard,
PE3,Safe Guard,
PE4,Safe Guard,
PE5,Safe Guard,
PE7,Safe Guard,
GU10,Sherborne Windows Ltd. ,
GU11,Sherborne Windows Ltd. ,
GU12,Sherborne Windows Ltd. ,
GU13,Sherborne Windows Ltd. ,
GU14,Sherborne Windows Ltd. ,
GU15,Sherborne Windows Ltd. ,
GU16,Sherborne Windows Ltd. ,
GU17,Sherborne Windows Ltd. ,
GU18,Sherborne Windows Ltd. ,
GU19,Sherborne Windows Ltd. ,
GU20,Sherborne Windows Ltd. ,
GU21,Sherborne Windows Ltd. ,
GU22,Sherborne Windows Ltd. ,
GU23,Sherborne Windows Ltd. ,
GU24,Sherborne Windows Ltd. ,
GU25,Sherborne Windows Ltd. ,
GU26,Sherborne Windows Ltd. ,
GU27,Sherborne Windows Ltd. ,
GU28,Sherborne Windows Ltd. ,
GU29,Sherborne Windows Ltd. ,
GU30,Sherborne Windows Ltd. ,
GU31,Sherborne Windows Ltd. ,
GU32,Sherborne Windows Ltd. ,
GU33,Sherborne Windows Ltd. ,
GU34,Sherborne Windows Ltd. ,
GU35,Sherborne Windows Ltd. ,
GU46,Sherborne Windows Ltd. ,
GU47,Sherborne Windows Ltd. ,
GU5,Sherborne Windows Ltd. ,
GU51,Sherborne Windows Ltd. ,
GU52,Sherborne Windows Ltd. ,
GU6,Sherborne Windows Ltd. ,
GU7,Sherborne Windows Ltd. ,
GU8,Sherborne Windows Ltd. ,
GU9,Sherborne Windows Ltd. ,
GU95,Sherborne Windows Ltd. ,
KT11,Sherborne Windows Ltd. ,
KT12,Sherborne Windows Ltd. ,
KT13,Sherborne Windows Ltd. ,
KT14,Sherborne Windows Ltd. ,
KT15,Sherborne Windows Ltd. ,
KT16,Sherborne Windows Ltd. ,
RG1,Sherborne Windows Ltd. ,
RG10,Sherborne Windows Ltd. ,
RG11,Sherborne Windows Ltd. ,
RG12,Thames Valley,
RG13,Sherborne Windows Ltd. ,
RG14,Sherborne Windows Ltd. ,
RG15,Sherborne Windows Ltd. ,
RG16,Sherborne Windows Ltd. ,
RG17,Sherborne Windows Ltd. ,
RG18,Sherborne Windows Ltd. ,
RG19,Sherborne Windows Ltd. ,
RG2,Sherborne Windows Ltd. ,
RG20,Sherborne Windows Ltd. ,
RG21,Sherborne Windows Ltd. ,
RG22,Sherborne Windows Ltd. ,
RG23,Sherborne Windows Ltd. ,
RG24,Sherborne Windows Ltd. ,
RG25,Sherborne Windows Ltd. ,
RG26,Sherborne Windows Ltd. ,
RG27,Sherborne Windows Ltd. ,
RG28,Sherborne Windows Ltd. ,
RG29,Sherborne Windows Ltd. ,
RG3,Sherborne Windows Ltd. ,
RG30,Sherborne Windows Ltd. ,
RG31,Sherborne Windows Ltd. ,
RG4,Sherborne Windows Ltd. ,
RG40,Thames Valley,
RG41,Sherborne Windows Ltd. ,
RG42,Thames Valley,
RG45,Sherborne Windows Ltd. ,
RG5,Sherborne Windows Ltd. ,
RG6,Sherborne Windows Ltd. ,
RG7,Sherborne Windows Ltd. ,
RG8,Sherborne Windows Ltd. ,
RG9,Sherborne Windows Ltd. ,
SL0,Sherborne Windows Ltd. ,
SL1,Sherborne Windows Ltd. ,
SL2,Sherborne Windows Ltd. ,
SL3,Sherborne Windows Ltd. ,
SL4,Sherborne Windows Ltd. ,
SL5,Sherborne Windows Ltd. ,
SL6,Sherborne Windows Ltd. ,
SL60,Sherborne Windows Ltd. ,
SL7,Sherborne Windows Ltd. ,
SL8,Sherborne Windows Ltd. ,
SL9,Sherborne Windows Ltd. ,
SL95,Sherborne Windows Ltd. ,
TW17,Sherborne Windows Ltd. ,
TW18,Sherborne Windows Ltd. ,
TW19,Sherborne Windows Ltd. ,
TW20,Sherborne Windows Ltd. ,
PL1,Southfield Windows,
PL10,Southfield Windows,
PL11,Southfield Windows,
PL12,Southfield Windows,
PL13,Southfield Windows,
PL14,Southfield Windows,
PL15,Southfield Windows,
PL16,Southfield Windows,
PL17,Southfield Windows,
PL18,Southfield Windows,
PL19,Southfield Windows,
PL2,Southfield Windows,
PL20,Southfield Windows,
PL21,Southfield Windows,
PL22,Southfield Windows,
PL23,Southfield Windows,
PL24,Southfield Windows,
PL25,Southfield Windows,
PL26,Southfield Windows,
PL27,Southfield Windows,
PL28,Southfield Windows,
PL29,Southfield Windows,
PL3,Southfield Windows,
PL30,Southfield Windows,
PL31,Southfield Windows,
PL32,Southfield Windows,
PL33,Southfield Windows,
PL34,Southfield Windows,
PL35,Southfield Windows,
PL4,Southfield Windows,
PL5,Southfield Windows,
PL6,Southfield Windows,
PL7,Southfield Windows,
PL8,Southfield Windows,
PL9,Southfield Windows,
PL95,Southfield Windows,
TQ1,Southfield Windows,
TQ10,Southfield Windows,
TQ11,Southfield Windows,
TQ12,Southfield Windows,
TQ13,Southfield Windows,
TQ14,Southfield Windows,
TQ2,Southfield Windows,
TQ3,Southfield Windows,
TQ4,Southfield Windows,
TQ5,Southfield Windows,
TQ6,Southfield Windows,
TQ7,Southfield Windows,
TQ8,Southfield Windows,
TQ9,Southfield Windows,
PE19,Spectrum Home Imps,
PE27,Spectrum Home Imps,
PE28,Spectrum Home Imps,
PE29,Spectrum Home Imps,
SG15,St Neots Home Imps,
SG16,St Neots Home Imps,
SG17,St Neots Home Imps,
SG18,St Neots Home Imps,
SG19,St Neots Home Imps,
SG2,St Neots Home Imps,
SG3,St Neots Home Imps,
SG4,St Neots Home Imps,
SG5,St Neots Home Imps,
SG6,St Neots Home Imps,
SG7,St Neots Home Imps,
SG8,St Neots Home Imps,
SG9,St Neots Home Imps,
CW1,Strata Group Ltd ,
CW10,Strata Group Ltd ,
CW11,Strata Group Ltd ,
CW12,Strata Group Ltd ,
CW2,Strata Group Ltd ,
CW3,Strata Group Ltd ,
CW4,Strata Group Ltd ,
CW5,Strata Group Ltd ,
CW6,Strata Group Ltd ,
CW7,Strata Group Ltd ,
CW8,Strata Group Ltd ,
CW9,Strata Group Ltd ,
ST1,Strata Group Ltd ,
ST10,Strata Group Ltd ,
ST11,Strata Group Ltd ,
ST12,Strata Group Ltd ,
ST13,Strata Group Ltd ,
ST14,Strata Group Ltd ,
ST15,Strata Group Ltd ,
ST16,Strata Group Ltd ,
ST17,Strata Group Ltd ,
ST18,Strata Group Ltd ,
ST19,Strata Group Ltd ,
ST2,Strata Group Ltd ,
ST20,Strata Group Ltd ,
ST21,Strata Group Ltd ,
ST3,Strata Group Ltd ,
ST4,Strata Group Ltd ,
ST5,Strata Group Ltd ,
ST55,Strata Group Ltd ,
ST6,Strata Group Ltd ,
ST7,Strata Group Ltd ,
ST8,Strata Group Ltd ,
ST9,Strata Group Ltd ,
SY1,Strata Group Ltd ,
SY10,Strata Group Ltd ,
SY11,Strata Group Ltd ,
SY12,Strata Group Ltd ,
SY13,Strata Group Ltd ,
SY14,Strata Group Ltd ,
SY15,Strata Group Ltd ,
SY16,Strata Group Ltd ,
SY17,Strata Group Ltd ,
SY18,Strata Group Ltd ,
SY19,Strata Group Ltd ,
SY2,Strata Group Ltd ,
SY20,Strata Group Ltd ,
SY21,Strata Group Ltd ,
SY22,Strata Group Ltd ,
SY23,Strata Group Ltd ,
SY24,Strata Group Ltd ,
SY25,Strata Group Ltd ,
SY3,Strata Group Ltd ,
SY4,Strata Group Ltd ,
SY5,Strata Group Ltd ,
SY6,Strata Group Ltd ,
SY7,Strata Group Ltd ,
SY8,Strata Group Ltd ,
SY9,Strata Group Ltd ,
SY99,Strata Group Ltd ,
TF1,Strata Group Ltd ,
TF10,Strata Group Ltd ,
TF11,Strata Group Ltd ,
TF12,Strata Group Ltd ,
TF13,Strata Group Ltd ,
TF2,Strata Group Ltd ,
TF3,Strata Group Ltd ,
TF4,Strata Group Ltd ,
TF5,Strata Group Ltd ,
TF6,Strata Group Ltd ,
TF7,Strata Group Ltd ,
TF8,Strata Group Ltd ,
TF9,Strata Group Ltd ,
RH10,County ,? Sussex Surrey Doors and Windows 
RH11,County ,
RH12,County ,
RH13,County ,
RH14,County ,
RH15,County ,
RH16,County ,
RH17,County ,
RH18,County ,
RH19,County ,
RH20,County ,
TN1,County ,
TN10,County ,
TN11,County ,
TN12,County ,
TN13,County ,
TN14,County ,
TN15,County ,
TN16,County ,
TN17,County ,
TN18,County ,
TN19,County ,
TN2,County ,
TN20,County ,
TN21,County ,
TN22,County ,
TN23,County ,
TN24,County ,
TN25,County ,
TN26,County ,
TN27,County ,
TN28,County ,
TN29,County ,
TN3,County ,
TN30,County ,
TN31,County ,
TN32,County ,
TN33,County ,
TN34,County ,
TN35,County ,
TN36,County ,
TN37,County ,
TN38,County ,
TN39,County ,
TN4,County ,
TN40,County ,
TN5,County ,
TN6,County ,
TN7,County ,
TN8,County ,
TN9,County ,
B1,The Window Centre ,
B10,The Window Centre ,
B11,The Window Centre ,
B12,The Window Centre ,
B13,The Window Centre ,
B14,The Window Centre ,
B15,The Window Centre ,
B16,The Window Centre ,
B17,The Window Centre ,
B18,The Window Centre ,
B19,The Window Centre ,
B2,The Window Centre ,
B20,The Window Centre ,
B21,The Window Centre ,
B22,The Window Centre ,
B23,The Window Centre ,
B24,The Window Centre ,
B25,The Window Centre ,
B26,The Window Centre ,
B27,The Window Centre ,
B28,The Window Centre ,
B29,The Window Centre ,
B3,The Window Centre ,
B30,The Window Centre ,
B31,The Window Centre ,
B32,The Window Centre ,
B33,The Window Centre ,
B34,The Window Centre ,
B35,The Window Centre ,
B36,The Window Centre ,
B37,The Window Centre ,
B38,The Window Centre ,
B4,The Window Centre ,
B40,The Window Centre ,
B42,The Window Centre ,
B43,The Window Centre ,
B44,The Window Centre ,
B45,The Window Centre ,
B47,The Window Centre ,
B48,The Window Centre ,
B49,The Window Centre ,
B5,The Window Centre ,
B50,The Window Centre ,
B6,The Window Centre ,
B60,The Window Centre ,
B61,The Window Centre ,
B62,The Window Centre ,
B63,The Window Centre ,
B64,The Window Centre ,
B65,The Window Centre ,
B66,The Window Centre ,
B67,The Window Centre ,
B68,The Window Centre ,
B69,The Window Centre ,
B7,The Window Centre ,
B70,The Window Centre ,
B71,The Window Centre ,
B72,The Window Centre ,
B73,The Window Centre ,
B74,The Window Centre ,
B75,The Window Centre ,
B76,The Window Centre ,
B77,The Window Centre ,
B78,The Window Centre ,
B79,The Window Centre ,
B8,The Window Centre ,
B80,The Window Centre ,
B9,The Window Centre ,
B90,The Window Centre ,
B96,The Window Centre ,
B97,The Window Centre ,
B98,The Window Centre ,
B99,The Window Centre ,
WS1,The Window Centre ,
WS10,The Window Centre ,
WS11,The Window Centre ,
WS12,The Window Centre ,
WS2,The Window Centre ,
WS3,The Window Centre ,
WS4,The Window Centre ,
WS5,The Window Centre ,
WS6,The Window Centre ,
WS8,The Window Centre ,
WS9,The Window Centre ,
WV1,The Window Centre ,
WV10,The Window Centre ,
WV11,The Window Centre ,
WV12,The Window Centre ,
WV13,The Window Centre ,
WV14,The Window Centre ,
WV2,The Window Centre ,
WV3,The Window Centre ,
WV4,The Window Centre ,
WV5,The Window Centre ,
WV6,The Window Centre ,
WV7,The Window Centre ,
WV8,The Window Centre ,
WV9,The Window Centre ,
WV98,The Window Centre ,
WV99,The Window Centre ,
HP1,Timber Windows Amersham,
HP2,Timber Windows Amersham,
HP3,Timber Windows Amersham,
HP4,Timber Windows Amersham,
EN1,Timber Windows Enfield,
EN10,Timber Windows Enfield,
EN11,Timber Windows Enfield,
EN2,Timber Windows Enfield,
EN3,Timber Windows Enfield,
EN4,Timber Windows Enfield,
EN5,Timber Windows Enfield,
EN6,Timber Windows Enfield,
EN7,Timber Windows Enfield,
EN77,Timber Windows Enfield,
EN8,Timber Windows Enfield,
EN9,Timber Windows Enfield,
N11,Timber Windows Enfield,
N12,Timber Windows Enfield,
N13,Timber Windows Enfield,
N14,Timber Windows Enfield,
N18,Timber Windows Enfield,
N20,Timber Windows Enfield,
N21,Timber Windows Enfield,
N3,Timber Windows Enfield,
N9,Timber Windows Enfield,
NW10,Timber Windows Enfield,
NW2,Timber Windows Enfield,
NW4,Timber Windows Enfield,
NW7,Timber Windows Enfield,
NW9,Timber Windows Enfield,
CB1,Timber Windows Essex Ltd,
CB10,Timber Windows Essex Ltd,
CB11,Timber Windows Essex Ltd,
CB2,Timber Windows Essex Ltd,
CB21,Timber Windows Essex Ltd,
CB22,Timber Windows Essex Ltd,
CB23,Timber Windows Essex Ltd,
CB24,Timber Windows Essex Ltd,
CB25,Timber Windows Essex Ltd,
CB3,Timber Windows Essex Ltd,
CB4,Timber Windows Essex Ltd,
CB5,Timber Windows Essex Ltd,
CB6,Timber Windows Essex Ltd,
CB7,Timber Windows Essex Ltd,
CB8,Timber Windows Essex Ltd,
CB9,Timber Windows Essex Ltd,
IG10,Timber Windows Essex Ltd,
IG7,Timber Windows Essex Ltd,
IG8,Timber Windows Essex Ltd,
IG9,Timber Windows Essex Ltd,
RM16,Timber Windows Essex Ltd,
RM17,Timber Windows Essex Ltd,
RM18,Timber Windows Essex Ltd,
RM19,Timber Windows Essex Ltd,
RM20,Timber Windows Essex Ltd,
CT1,Timber Windows Maidstone,
CT10,Timber Windows Maidstone,
CT11,Timber Windows Maidstone,
CT12,Timber Windows Maidstone,
CT13,Timber Windows Maidstone,
CT14,Timber Windows Maidstone,
CT15,Timber Windows Maidstone,
CT16,Timber Windows Maidstone,
CT17,Timber Windows Maidstone,
CT18,Timber Windows Maidstone,
CT19,Timber Windows Maidstone,
CT2,Timber Windows Maidstone,
CT20,Timber Windows Maidstone,
CT21,Timber Windows Maidstone,
CT3,Timber Windows Maidstone,
CT4,Timber Windows Maidstone,
CT5,Timber Windows Maidstone,
CT50,Timber Windows Maidstone,
CT6,Timber Windows Maidstone,
CT7,Timber Windows Maidstone,
CT8,Timber Windows Maidstone,
CT9,Timber Windows Maidstone,
ME1,Timber Windows Maidstone,
ME10,Timber Windows Maidstone,
ME11,Timber Windows Maidstone,
ME12,Timber Windows Maidstone,
ME13,Timber Windows Maidstone,
ME14,Timber Windows Maidstone,
ME15,Timber Windows Maidstone,
ME16,Timber Windows Maidstone,
ME17,Timber Windows Maidstone,
ME18,Timber Windows Maidstone,
ME19,Timber Windows Maidstone,
ME2,Timber Windows Maidstone,
ME20,Timber Windows Maidstone,
ME3,Timber Windows Maidstone,
ME4,Timber Windows Maidstone,
ME5,Timber Windows Maidstone,
ME6,Timber Windows Maidstone,
ME7,Timber Windows Maidstone,
ME8,Timber Windows Maidstone,
ME9,Timber Windows Maidstone,
ME99,Timber Windows Maidstone,
MK1,Timber Windows Olney,
MK10,Timber Windows Olney,
MK11,Timber Windows Olney,
MK12,Timber Windows Olney,
MK13,Timber Windows Olney,
MK14,Timber Windows Olney,
MK15,Timber Windows Olney,
MK16,Timber Windows Olney,
MK17,Timber Windows Olney,
MK18,Timber Windows Olney,
MK19,Timber Windows Olney,
MK2,Timber Windows Olney,
MK3,Timber Windows Olney,
MK4,Timber Windows Olney,
MK40,Timber Windows Olney,
MK41,Timber Windows Olney,
MK42,Timber Windows Olney,
MK43,Timber Windows Olney,
MK44,Timber Windows Olney,
MK45,Timber Windows Olney,
MK46,Timber Windows Olney,
MK5,Timber Windows Olney,
MK6,Timber Windows Olney,
MK7,Timber Windows Olney,
MK77,Timber Windows Olney,
MK8,Timber Windows Olney,
MK9,Timber Windows Olney,
MK98,Timber Windows Olney,
UB1,Timber Windows Ruislip,
UB10,Timber Windows Ruislip,
UB11,Timber Windows Ruislip,
UB18,Timber Windows Ruislip,
UB2,Timber Windows Ruislip,
UB3,Timber Windows Ruislip,
UB4,Timber Windows Ruislip,
UB5,Timber Windows Ruislip,
UB6,Timber Windows Ruislip,
UB7,Timber Windows Ruislip,
UB8,Timber Windows Ruislip,
UB9,Timber Windows Ruislip,
AL1,Timber Windows of St Albans ,
AL10,Timber Windows of St Albans ,
AL2,Timber Windows of St Albans ,
AL3,Timber Windows of St Albans ,
AL4,Timber Windows of St Albans ,
AL5,Timber Windows of St Albans ,
AL6,Timber Windows of St Albans ,
AL7,Timber Windows of St Albans ,
AL8,Timber Windows of St Albans ,
AL9,Timber Windows of St Albans ,
LU1,Timber Windows of St Albans ,
LU2,Timber Windows of St Albans ,
LU3,Timber Windows of St Albans ,
LU4,Timber Windows of St Albans ,
LU5,Timber Windows of St Albans ,
LU6,Timber Windows of St Albans ,
LU7,Timber Windows of St Albans ,
LU95,Timber Windows of St Albans ,
SG1,St Neots Home Imps,
SG10,Timber Windows of St Albans ,
SG11,Timber Windows of St Albans ,
SG12,Timber Windows of St Albans ,
SG13,Timber Windows of St Albans ,
SG14,Timber Windows of St Albans ,
CM0,Timber Windows Essex Ltd,
CM1,Timber Windows Essex Ltd,
CM11,Timber Windows Essex Ltd,
CM12,Timber Windows Essex Ltd,
CM13,Timber Windows Essex Ltd,
CM14,Timber Windows Essex Ltd,
CM15,Timber Windows Essex Ltd,
CM16,Timber Windows Essex Ltd,
CM17,Timber Windows Essex Ltd,
CM18,Timber Windows Essex Ltd,
CM19,Timber Windows Essex Ltd,
CM2,Timber Windows Essex Ltd,
CM20,Timber Windows Essex Ltd,
CM21,Timber Windows Essex Ltd,
CM22,Timber Windows Essex Ltd,
CM23,Timber Windows Essex Ltd,
CM24,Timber Windows Essex Ltd,
CM3,Timber Windows Essex Ltd,
CM4,Timber Windows Essex Ltd,
CM5,Timber Windows Essex Ltd,
CM6,Timber Windows Essex Ltd,
CM7,Timber Windows Essex Ltd,
CM77,Timber Windows Essex Ltd,
CM8,Timber Windows Essex Ltd,
CM9,Timber Windows Essex Ltd,
CM98,Timber Windows Essex Ltd,
CM99,Timber Windows Essex Ltd,
CO1,Timber Windows Essex Ltd,
CO10,Timber Windows Essex Ltd,
CO11,Timber Windows Essex Ltd,
CO12,Timber Windows Essex Ltd,
CO13,Timber Windows Essex Ltd,
CO14,Timber Windows Essex Ltd,
CO15,Timber Windows Essex Ltd,
CO16,Timber Windows Essex Ltd,
CO2,Timber Windows Essex Ltd,
CO3,Timber Windows Essex Ltd,
CO4,Timber Windows Essex Ltd,
CO5,Timber Windows Essex Ltd,
CO6,Timber Windows Essex Ltd,
CO7,Timber Windows Essex Ltd,
CO8,Timber Windows Essex Ltd,
CO9,Timber Windows Essex Ltd,
SS0,Timber Windows Essex Ltd,
SS1,Timber Windows Essex Ltd,
SS11,Timber Windows Essex Ltd,
SS12,Timber Windows Essex Ltd,
SS13,Timber Windows Essex Ltd,
SS14,Timber Windows Essex Ltd,
SS15,Timber Windows Essex Ltd,
SS16,Timber Windows Essex Ltd,
SS17,Timber Windows Essex Ltd,
SS2,Timber Windows Essex Ltd,
SS22,Timber Windows Essex Ltd,
SS3,Timber Windows Essex Ltd,
SS4,Timber Windows Essex Ltd,
SS5,Timber Windows Essex Ltd,
SS6,Timber Windows Essex Ltd,
SS7,Timber Windows Essex Ltd,
SS8,Timber Windows Essex Ltd,
SS9,Timber Windows Essex Ltd,
SS99,Timber Windows Essex Ltd,
E1,Traditional Windows,
E10,Traditional Windows,
E11,Traditional Windows,
E12,Traditional Windows,
E13,Traditional Windows,
E14,Traditional Windows,
E15,Traditional Windows,
E16,Traditional Windows,
E17,Traditional Windows,
E18,Traditional Windows,
E1W,Traditional Windows,
E2,Traditional Windows,
E20,Traditional Windows,
E3,Traditional Windows,
E4,Traditional Windows,
E5,Traditional Windows,
E6,Traditional Windows,
E7,Traditional Windows,
E77,Traditional Windows,
E8,Traditional Windows,
E9,Traditional Windows,
E98,Traditional Windows,
IG1,Traditional Windows,
IG11,Traditional Windows,
IG2,Traditional Windows,
IG3,Traditional Windows,
IG4,Traditional Windows,
IG5,Traditional Windows,
IG6,Traditional Windows,
RM1,Traditional Windows,
RM10,Traditional Windows,
RM11,Traditional Windows,
RM12,Traditional Windows,
RM13,Traditional Windows,
RM14,Traditional Windows,
RM15,Traditional Windows,
RM2,Traditional Windows,
RM3,Traditional Windows,
RM4,Traditional Windows,
RM5,Traditional Windows,
RM50,Traditional Windows,
RM6,Traditional Windows,
RM7,Traditional Windows,
RM8,Traditional Windows,
RM9,Traditional Windows,
DY1,TWS Windows,
DY10,TWS Windows,
DY11,TWS Windows,
DY12,TWS Windows,
DY13,TWS Windows,
DY14,TWS Windows,
DY2,TWS Windows,
DY3,TWS Windows,
DY4,TWS Windows,
DY5,TWS Windows,
DY6,TWS Windows,
DY7,TWS Windows,
DY8,TWS Windows,
DY9,TWS Windows,
WR1,TWS Windows,
WR15,TWS Windows,
WR2,TWS Windows,
WR3,TWS Windows,
WR4,TWS Windows,
WR9,TWS Windows,
WV15,TWS Windows,
WV16,TWS Windows,
LA1,,
LA10,,
LA11,,
LA12,,
LA13,,
LA14,,
LA15,,
LA16,,
LA17,,
LA18,,
LA19,,
LA2,,
LA20,,
LA21,,
LA22,,
LA23,,
LA3,,
LA4,,
LA5,,
LA6,,
LA7,,
LA8,,
LA9,,
PE12,West Norfolk Glass,
PE13,West Norfolk Glass,
PE14,West Norfolk Glass,
PE15,West Norfolk Glass,
PE16,West Norfolk Glass,
PE17,West Norfolk Glass,
PE18,West Norfolk Glass,
PE20,West Norfolk Glass,
PE21,West Norfolk Glass,
PE22,West Norfolk Glass,
PE23,West Norfolk Glass,
PE24,West Norfolk Glass,
PE25,West Norfolk Glass,
PE26,West Norfolk Glass,
PE30,West Norfolk Glass,
PE31,West Norfolk Glass,
PE32,West Norfolk Glass,
PE33,West Norfolk Glass,
PE34,West Norfolk Glass,
PE35,West Norfolk Glass,
PE36,West Norfolk Glass,
PE37,West Norfolk Glass,
PE38,West Norfolk Glass,
PE6,West Norfolk Glass,
PE8,Safe Guard,
PE99,West Norfolk Glass,
NP1,Window Rite Limited ,
NP10,Window Rite Limited ,
NP11,Window Rite Limited ,
NP12,Window Rite Limited ,
NP13,Window Rite Limited ,
NP15,Window Rite Limited ,
NP16,Window Rite Limited ,
NP18,Window Rite Limited ,
NP19,Window Rite Limited ,
NP2,Window Rite Limited ,
NP20,Window Rite Limited ,
NP22,Window Rite Limited ,
NP23,Window Rite Limited ,
NP24,Window Rite Limited ,
NP25,Window Rite Limited ,
NP26,Window Rite Limited ,
NP3,Window Rite Limited ,
NP4,Window Rite Limited ,
NP44,Window Rite Limited ,
NP5,Window Rite Limited ,
NP6,Window Rite Limited ,
NP7,Window Rite Limited ,
NP8,Window Rite Limited ,
NP9,Window Rite Limited ,
NPT,Window Rite Limited ,
PO1,Wonderful Windows,
PO10,Wonderful Windows,
PO11,Wonderful Windows,
PO18,Wonderful Windows,
PO19,Wonderful Windows,
PO2,Wonderful Windows,
PO20,Wonderful Windows,
PO21,Wonderful Windows,
PO22,Wonderful Windows,
PO3,Wonderful Windows,
PO30,Wonderful Windows,
PO31,Wonderful Windows,
PO32,Wonderful Windows,
PO33,Wonderful Windows,
PO34,Wonderful Windows,
PO35,Wonderful Windows,
PO36,Wonderful Windows,
PO37,Wonderful Windows,
PO38,Wonderful Windows,
PO39,Wonderful Windows,
PO4,Wonderful Windows,
PO40,Wonderful Windows,
PO41,Wonderful Windows,
PO5,Wonderful Windows,
PO6,Wonderful Windows,
PO7,Wonderful Windows,
PO8,Wonderful Windows,
PO9,Wonderful Windows,
